takeoff,landing,takeoff_no,duration,distance,competitors_no,result_place,date,desc,max_alt,max_lift,glider
Malic,,1,6,,,,1996-09-02,Braslovce odpadle,,,wind
Lijak N.G.,,1,90,,,,1996-09-05,Lijak zakljucni L skok,,,wind
Ulovka,Orel,2,3;3,,,,1996-09-07,,,,wind
Ulovka,Kuren,1,7,,,,1996-09-08,Smer Kuren ,,,wind
Ulovka,Krosl,1,6,,,,1996-09-08,Smer kroslov-cez,,,wind
Ulovka,Kuren,1,9,,,,1996-09-09,,,,wind
Ulovka,Podlipa,1,8,5,,,1996-09-09,,,,wind
Ulovka,Podlipa,1,20,5,,,1996-10-10,Peglanje pod Ulovko,,,wind
Ulovka,Podlipa,1,30,5,,,1996-10-10,Peglanje pod Ulovko,,,wind
Rahtel Sloven G.,,3,10;15;5,,137,23,1996-10-11,Zadnja tekma za drzavno,,,wind
Strmca,,3,20;6;4,,,,1996-10-18,Prvi pristanek na hribu,,,wind
Lijak N.G.,,2,85;5,,100,21,1996-10-19,Nagrade do 20 mesta,,,wind
Ulovka,,1,4,,,,1996-10-22,Curjenje v stilu,,,wind
Zavrh,,1,38,6,,,1996-10-23,Prvi start na Zavrhu,,,wind
Zavrh,,1,6,,,,1996-10-24,Curjenje v borovnico,,,wind
Strmca,,3,120;3;5,,,,1996-10-30,Naslonu padal na borovce,,,wind
Strmca,,3,30;4;3,,,,1996-11-01,Divje,,,wind
Racna Gora,,2,6;5;5,,,,1996-11-02,Usesa solski krog,,,wind
Zavrh,,1,5,,,,1996-11-08,Borovnica vabi,,,wind
Koreno,,1,4,,,,1996-11-14,Prvi start na Korenu,,,wind
Lijak N.G.,,1,5,,,,1996-12-04,curjenje,,,wind
Kovk AJ.,,1,22,,,,1996-12-05,boj-curjenje,,,wind
Lijak N.G.,,1,40,,,,1996-12-07,boj-navijanje-uspeh,,,wind
Lijak N.G.,,2,5;10,,,,1996-12-14,boj-navijanje-curjenje 2x,,,wind
Lijak N.G.,,1,31,,,,1996-12-28,jadranje 3dviganja,,,wind
Slivnica,,1,8,,,,1997-01-16,lep dan (doma mgla) - let v dolino,,,wind
Lijak N.G.,,1,6,,,,1997-01-17,O p r a v i l   A   i z p i t,,,wind
Lijak N.G.,,1,75,,,,1997-01-24,lep dan za jadranje,,,wind
Zavrh,,1,5,,,,1997-01-26,mocan veter z leve ,,,wind
Lijak N.G.,,1,60,,,,1997-01-29,lep dan za jadranje,,,wind
Kovk AJ.,,1,105,27.4,,,1997-01-30,PRVI PRELET,,,wind
Zavrh,,1,5,,,,1997-02-06,Sipka burja,,,wind
Lijak N.G.,,1,95,11.5,,,1997-02-07,Let prek rampe do cavna ,,,wind
Lijak N.G.,,1,90,,,,1997-02-08,Navijanje okoli starta,,,wind
Ambroz,,2,10,,,,1997-02-14,Ni mi uspelo zriniti cez drajte.,,,wind
Zavrh,,1,8,,,,1997-02-15,Sam sem si kriv,,,wind
Zavrh,,1,57,7.4,,,1997-02-16,Prvi pristanek na VRHNIKI,,,wind
Strmca,,1,4,,,,1997-02-21,curjenje,,,wind
Kovk AJ.,,2,98;60,21.4,,,1997-02-21,jadranje pristanek na vrhu ponovno jadranje,1130m,,wind
Zabocevo,,1,92,,,,1997-02-27,Prvic letel in jadral na Zabocevem (otvoritev),1500m,,wind
Zabocevo,,1,6,,,,1997-02-28,Let v dolino,,,wind
Zavrh,,1,30,,,,1997-03-06,Let preko kamnoloma do lj. vrha do dolgih leh,1300m,,wind
Lijak,,1,105,11.5,,,1997-03-08,Lijak - zmajarska - lijak - Danijel - Lijak,1500m,,wind
Ambroz,,1,60,,,,1997-03-11,Trenining - zelo sipka termika,,,wind
Zabocevo,,2,15;12,,,,1997-03-13,"Sipka termika curjenje Andrej,Grega - obesanje",,,wind
Strmca,,1,35,,,,1997-03-15,Vecerno jadranje po odhodu drugih.,,,wind
Zabocevo,,1,32,,,,1997-03-20,Lepo termicno jadranje okoli starta in krimcka,,,wind
Strmca,,1,35,,,,1997-03-20,Visenje v zelo mocnem zahodniku in beg ,,,wind
Zavrh,,1,14,,,,1997-03-25,Sam sem scuru - Mojca Erzo pa na Vrhniko,,,wind
Zavrh,,1,25,,,,1997-03-31,Divje - rotorji in mocan veter,,,wind
Zabocevo ,,1,5,,,,1997-04-01,Sipka termika - rotor,,,wind
Zavrh,,1,38,,,,1997-04-01,Tezave na startu-jadranje-let do avtoceste,,,wind
Lijak N.G.,,1,45,,,,1997-04-05,Mocan veter - mnogi smo imeli tezave,,,wind
Ambroz,,2,15;80,,,,1997-04-09,1curjenje-2cudovito jadranje okoli antene na Krvavcu,1850m-1900m,,wind
SV.Lovrenc,,1,10,,,,1997-04-11,Velik zanos v stbru curjenje - nov start,,,wind
Zabocevo,,1,7,,,,1997-04-11,Zaprtje (oblakov) curjenje-Grega je jadral 25min ,,,wind
Lijak N.G.,,1,80,,,,1997-04-12,Mocan veter - poberanje s tal - kapljice dezja na 1200m,1200m,,wind
Zavrh,,1,15,,,,1997-04-16,Curjenje -zaprtje-kasneje Mojca na 2100m,,,wind
Zabocevo,,1,78,,,,1997-04-16,eno uro prepozni jadranje Jernej na3000m,1200m,,wind
Gozd pod Krisko,,1,146,,,,1997-04-18,Kriska 2700-storzic-kriska-storzic-kriska akrobacije ,2700m,,wind
Zabocev,,2,10;45,,,,1997-04-23,Startal 14.30 in scuru pes na start-let v podpec  ,1900m,,wind
Zabocevo,,1,121,36.13km,,,1997-04-24,Zabocev 2400 - krim 1700m - Ljubljana 800-2500-Moravce1000 ,2569m,4.5,wind
Racna Gora,,3,6;7;7,,127,,1997-04-25,"Tekma na piko trije starti oblacnost, pred dezjem",,,wind
Zavrh,,1,5,,,,1997-04-27,Trening za pristajanje na piko,,,wind
Studor,,1,5,,140,49,1997-05-01,Tekma na piko za drzavnga - Vrhnika ni bila prevec uspesna,,,wind
Kobala,,1,84,,,,1997-05-01,Liga dirka-Jadranje po dirki ob 6.30 - Prvic na liga tekmi,1350m,3.5,wind
Lijak N.G.,,2,12;8,,,,1997-05-09,Slabo vreme na Lijaku - Trstelj v soncu,,0.3,wind
Strmca,,1,15,,,,1997-05-09,Z lijaka pa direkt na strmco peglat.,,2,wind
Lijak N.G.,,2,17;125,36km,,,1997-05-10,Prvic opravil Kurirckovo transverzalo-Grega Visna Gora,1845m,5,wind
Zavrh,,1,35,,,,1997-05-13,Jadranje na trebevniku let na verd,850m,1.5,wind
Zavrh,,1,25,,,,1997-05-14,Petindvajset minutno curjenje Start ob 16:35,,0.9,wind
Zavrh,,1,45,,,,1997-05-15,Skoraj scuru-batina 9m/s dviga - kos7m visina 1490m,1490m,7m/s k 9m/s s,wind
Lijak N.G.,,1,163,,,,1997-05-17,Lijkak-Cavn-Kovk-za Nanosom kumulo nimbus,1461m,3.8m/s,wind
Strmca,,2,25;78,,,,1997-05-22,Visenje na strmci precej mocan zahodnik,1050m,1.5m/s,wind
Ambroz,,1,19,,,,1997-05-23,Sipka termika jadranje nad grajskim hribom,,1m/s,wind
Zavrh,,1,6,,,,1997-05-23,Metanje v nulo ,,0,wind
Zabocevo,,1,105,,,,1997-05-25,Jadranje na Zabocevem in nato let na Vrhniko-stadion-prvic,1780m,3.5m/s,wind
Strmca,,1,45,,,,1997-05-26,Jadranje na strmci prvic z Roxom - let na planino ,1130m,2m/s,rox
Zabocev,,1,130,25km,,,1997-05-28,Let z Roxom na Slivnico in nazaj na Zabocev na Z. sem pobral ,2150m,3.4m/s,rox
Strmca,,1,90,,,,1997-05-29,Nenavadno jadranje za strmco visina 1700m,1700m,5m/s,rox
Zavrh,,1,55,10km,,,1997-05-30,Najvisji potem pa prvic let na ST Vrhniko- Erzo jaz in Dane,1100m,3m/s povpr 0.5,rox
Strmca,,1,40,,,,1997-06-05,Jadranje na strmci 40minpotem pa na zur-Stolp-Tolmin,1130m,1m/s,rox
Zavrh,,1,45,,,,1997-06-06,Iz Tolmina pa na Zavrh jadrat za eno uro,1200m,2.4m/s,rox
Planina-Stolp,,1,44,,,,1997-06-08,Prvi start na Planini-Stolp jadranje pod bazo 1313m-44minut,1313m,2.7m/s,rox
Strmca,,1,120,,,,1997-06-11,Strmca nekej posebnga termicna- brez obracanja stbrov scuris,1480m,3.5m/s,rox
Zabocev,,1,60,,,,1997-06-14,Skoraj scuru takoj po startu potem pa navil na 1890m,1800m,4m/s,rox
Strmca,,1,50,,,,1997-06-16,Peglanje na strmci,930m,1.3m/s,rox
Gozd pod Krizko goro,,1,5,,,,1997-06-21,Skok pred dezjem ,,0,rox
Zavrh,,1,5,,,,1997-06-22,Nevihta na vidiku -vzlet in bezanje ,,3m/s,rox
Zavrh,,1,30,,,,1997-06-23,Nevihta na Javorcu veliko problemov pristanek pri Malci,1200m,5m/s,rox
Zabocev,,1,5,,,,1997-06-23,Trening za piko - merjenje finese pristanek pri gostilni,,0,rox
Lepenatka,,2,5;75,,,,1997-06-24,Pika tekma potem pa jadranje -prelep razgled,1855m,3.7m/s,rox
Kovk,,1,55,,,,1997-06-26,Zvecer jadranje kot na strmci (Juri jaz inGrega z Tandemom,1190m,1.5m/s,rox
Srednji vrh,,1,5,,,,1997-06-27,Prvi start na Sr.vrhu termike pa ni in ni,,0,rox
Planina - stolp,,1,15,,,,1997-06-28,razrukano posledica tezave pri navijanju stbrov - velik zanos,,2.5m/s,rox
Zavrh,,1,15,,,,1997-06-28,Poberanje iznad skakalnice velik zanos proti pklu,,1m/s,rox
Zabocev,,1,10,,,,1997-06-28,Start ob 17:00 - pozn start ceprav sta Erzo in Slavc jadrala,,1m/s,rox
Kovk,,1,101,29km,,,1997-07-01,Slavc in jaz sva letela v Postojno - 29km obratna Nanos,1697m,3.7m/s,rox
Strmca,,1,20,,,,1997-07-01,Peglanje na strmci,,1m/s,rox
Strmca,,1,8,,,,1997-07-02,Curjenje na strmci,,0.5,rox
Gozd pod Krizko,,1,120,,,,1997-07-03,Jadranje na Krizki-storzicu-2265mbaza,2265m,4m/s,rox
Strmca,,1,60,,,,1997-07-04,Jadranje na strmci test hitosti nimbus-rox rezultat isto,980m,1m/s,rox
Zabocev,,1,60,,,,1997-07-05,Jadranje na Krimscku visina dneva 1320m-velik zanos,1320m,2m/s,rox
Smucisce Zabocev,,1,1,,,,1997-07-07,Prvic tu s Slavcem se nisva pobrala,,,rox
Zavrh,,1,7,,,,1997-07-08,Juri je pobral jaz sem pa scuru (drugic bom opazoval),,1m/s,rox
Zabocev,,1,135,19km,,,1997-07-08,Poberanje na smuciscu let v Novo Vas,2320m,4.5m/s,rox
Lijak,,1,10,,,,1997-07-11,Vse pokrito kasneje ploha kasneje odprtje lijaka,,0.2m/s,rox
Kovk,,1,25,,,,1997-07-11,Po startu takoj nad vipavo tam pa jadrat. Kovk ni drzav.,,1m/s,rox
Ambroz,,1,255,33.46km,9,5mesto,1997-07-12,Start Ambroz Krvavec-Krizka Gora-Ambroz polet je trajal 4ure,2324m,4.9m/s,rox
Zabocev,,3,10;10;10,,,,1997-07-15,Curjenje 3krat-tudi Zuna,,1m/s,rox
Strmca,,1,95,,,,1997-07-18,Strmicarsko jadranje - vse je drzal,1050m,1m/s,rox
Lijak,,1,48,,,,1997-07-19,Lepo jadranje samo kasneje je bilo treba bezat pred nevihto,1450m,4.5m/s,rox
Zavrh,,1,10,,,,1997-07-20,Curjenje jaz in Slavc,,0,rox
Gaber,,1,16,,,,1997-07-21,vse je bilo pregreto zato smo jadrali na pobocnik in scurili,450m,1.2m/s,rox
Samotorca,,1,8,,,,1997-07-22,Kocevar in jaz - obtekanje zahodnika - rotorji na startu,,0,rox
Strmca,,1,62,,,,1997-07-22,peglanje- wingoverji - polovicno zapiranje ,955m,1.5m/s,rox
Sr.Vrh,,1,75,,,,1997-07-25,Sreca da smo letel saj je prej padal dz.,1305m,2.5m/s,rox
Zabocev,,1,202,,,,1997-07-26,Jadranje okoli zabocevga-zelo zaneseni stbr-erzo sel na Primoza,1900m,3.9m/s,rox
Slivnica,,2,190;30,18km,,,1997-07-30,Lep dan za prelet-let slivnica sodrazica-stoti letalni dan,2450m,5m/s,rox
Lisca,,2,30;35,,,,1997-08-01,Peglanje okoli Lisce - mocan sever start ta severni start,,2m/s,rox
Lisca,,1,155,36km,,,1997-08-02,Liga tekma na lisci - strikanje lisca obratna radece lisca radece,1787m,3.5m/s,rox
Slivnica,,1,25,,,,1997-08-03,Matranje na Slivnici velik zanos z erzotom sva zgolfala 25min,,1m/s,rox
Strmca,,1,30,,,,1997-08-04,Strmca za scurit sam sem bil najvisji in sem sel sam dol z vingoverji,978m,1m/s,rox
Zabocevo,,1,110,,,,1997-08-06,Jadranje na zabocevem pobiranje nekoliko nad smuciscem,950m,1m/s,rox
Zavrh,,1,80,,,,1997-08-08,Drzavn prvenstvo odpadu jadranje na zavrhu,1150m,2.2m/s,rox
Zavrh,,1,120,22.5km,,,1997-08-09,Start Zavrh - Kalce- predjama super!!!,1900m,3.5m/s,rox
Krizka,,1,120,18.2km,80,44mesto,1997-08-10,DP prva tekma v preletih glede na ostale nisem slab,2000m,4.5m/s,rox
Krizka,,1,120,23.00km,80,16mesto,1997-08-11,DP drugi dan -Krizka predvor senicno trstenik,2014m,3.4m/s,rox
Krizka,,1,300,67.7km,80,26mesto,1997-08-12,DP disciplina Krizka-Jakob-senicno-Jakob-Ratece 84km pristal sem v mojstrani,2387m,5.3m/s,rox
Krizka,,1,95,12.2km,80,44mesto,1997-08-13,DP Krizka Predvor Gozd Krvavec Cirku pod storzicem Predvor,2320m,3.5m/s,rox
Kovk,,1,105,,80,,1997-08-14,DP Tekma odpadla zaradi nevihtnega oblaka nad ajdovsno Disciplina kovk-nanos-lijak-ajdovscina,2503m,2.9m/s,rox
Strmca,,1,30,,,,1997-08-14,Tekma na piko osvojil sem prvo mesto,,1m/s,rox
Krvavec,,1,113,28.00km,80,25mesto,1997-08-15,DP disciplina Krvavec-Begunje disciplino sem opravil,1841m,3.9m/s,rox
Samotorca,,1,10,,,,1997-08-16,Grega je hotel napraviti XC trikotnik nazadnje sva oba scurla,,0.6m/s,rox
Zavrh,,1,46,9km,,,1997-08-19,Let iz Zavrha na Staro Vrhniko,1233m,2.6m/s,rox
Zavrh,,2,45;8,7km,,,1997-08-20,Let na Vrhniko visina 1401m,1401m,3.5m/s,rox
Zavrh,,1,105,18km,,,1997-08-21,Let Zavrh Logatec 1500 Ravnik pred Hotedrsco,1720m,3.5m/s,rox
Ambroz,,1,275,46.56km,,,1997-08-22,Napovedan XC Ambroz Ratece  pristal sem pred mojstrano,2070m,3.5m/s,rox
Lijak,,2,75;35,18.5km,,,1997-08-23,Napovedan XC Lijak Kozina pristal pa sem Smarje pri Braniku,1920m,5.1m/s,rox
Samotorca,,1,5,,,,1997-08-24,"Curjenje na Samotorci-Jaz,Grega,Miha",,0.5m/s,rox
Strmca,,1,55,,,,1997-08-24,Najvisji na Strmci - usesa-wingoverji-wingoverji,1160m,1m/s,rox
Krvavec,,1,90,,,,1997-08-25,PWC prvi dan sam sem letelzraven -tekmovala sta Slavc in Erzo,1690m,4.1m/s,rox
Lijak,,1,215,34.69km,,,1997-08-29,XC napoved Ilirska bistrica -poizkus vrhnika let do Razdrtga,1870m,3.5m/s,rox
Zabocevo,,1,31,,,,1997-08-30,Matranje pod krimsckom -erzoGrega Salavc so startali za mano in pristali pred mano,,1.3m/s,rox
Ambroz,,1,45,,,,1997-08-30,Cudovit razgled skoraj do Ratec Grega in jaz sva jadrala na 2040m,2040m,3m/s,rox
Zabocevo,,1,165,31.3km,,,1997-08-31,XC napoved Ilirska B. Start Zabocevo pristal sem v Pivki,1770m,2.5m/s,rox
Slivnica,,1,111,18.61km,,,1997-09-01,Prosti prelet Slivnica Zelimlje,2014m,3.5m/s,rox
Zavrh,,1,35,,,,1997-09-02,Jadranje na Zavrhu najvisji ,1490m,2.5m/s,rox
Srednji Vrh,,1,95,16.64km,,,1997-09-03,Srednji Vrh 2020m smer Postojna-v postojni vzhodnik -pristanek v Pivki,2260m,3m/s,rox
Slivnica,,1,115,13.05km,,,1997-09-04,Slivnica trikrat navit potem pa let na Zabocevo. Ta dan sem bil edini,2130m,2.5m/s,rox
Lijak N.G.,,1,128,32.22km,,,1997-09-05,Napoved Lijak Vrhnika -pristanek Hotedsica prvic na kovku cez,1702m,3.5m/s,rox
Lijak N.G.,,1,95,10km,,,1997-09-06,Tega dne je kurirckova zahtevala veliko zrtev. Z 1300m pri cavnu sem scuril direkt v ajdovscino.,1525m,3.5m/s,rox
Strmca,,1,60,,,,1997-09-06,"Strmicarjenje-wingoverji ,frontalci...",1024m,1.5m/s,rox
Zabocevo,,1,97,,,,1997-09-07,Jadranje na Zabocevem - termika in splosni iz desne-ozki in raztrgani stbri baza 1626m,1626m,4.9m/s,rox
Zavrh,,1,8,,,,1997-09-09,Cel dan mocan vzhodnik zvecer pa smo se pometali v nulo,,0.3m/s,rox
Kovk,,1,20,,,,1997-09-10,Bilo je zelo svoh zato smo po dolocenem casu scurili,840m,1m/s,rox
Strmca,,1,20,,,,1997-09-11,Zelo nizka baza jadranje pred strmco in pristanek na strmci -Erzo je scuru ,950m,1m/s,rox
SV. Ana,,1,4,,,,1997-09-15,Prvic poletel z Svete Ane pri podpeci cel dan je bilo premocno za letet zvecer pa sva z Erzotom odletela,,0,rox
Srednji Vrh,,1,115,,,,1997-09-17,Jadranje na suho termiko spet posteno jadranje po nekem casu STO ur z RoXom,1567m,3m/s,rox
Srednji Vrh,,1,100,,,,1997-09-18,Suha termika jadranje na 2200m super za ta obdobje,2201m,2.9m/s,rox
Sveta Ana,,1,33,,,,1997-09-19,Prvi Vrhnican ki je vzletel in jadral na Sv Ani,633m,1.1m/s,rox
Braslovce,,2,8;113,,,,1997-09-20,Slaba uvrstitev na tekmi pa zato bolsi trening za jadranje ,1370m,2.9m/s,rox
Srednji Vrh,,1,86,18.5km,,,1997-09-22,Testiranje Jurijevga Parateha P6C mal hitrejsi mal bol planira pa mal bol navarn,2101m,3.4m/s,P6C
Ulovka,,2,3;5,,100,14mesto,1997-09-26,Tekma za drzavno prvenstvo pokla Orel na Ulovki,,0,rox
Zabocevo,,1,8,,,,1997-09-26,Mogoce letos zadnji start na zabocevem,,0.5m/s,rox
Srednji Vrh,,1,159,,,,1997-09-27,Super jadranje do 1946m,1946m,3.2m/s,rox
Zabocevo,,1,59,,,,1997-09-28,Jadranje na Zabocevem testiranje Aireje tension najprej super opcutki potem pa se je pokazala ena velika slabost lahko ti ostane med striki in ga ne resis do tal,1350m,3.5m/s,rox
Strmca,,2,63,,,,1997-09-29,Jadranje na na Strmci z Airejo tension testiranje,,1.5m/s,airea tension
Zavrh,,1,8,,,,1997-09-30,Testni let z Neonom-sektorjem,,0.5m/s,Neon sector
Zavrh,,1,90,,,,1997-10-02,Letenje na Staro Vrhniko poslikal sem vse,1027m,1.8m/s,rox
Srednji Vrh,,1,87,,,,1997-10-03,Jadranje kljub vsemu,1030m,2.5m/s,rox
Gaber,,2,15,,,,1997-10-04,Para safari na Ospovski Gaber,450m,1m/s,rox
Lijak N.G.,,1,5,,,,1997-10-10,Polet z lijaka na startu je vecinoma pihalo dol,,,rox
Zabocevo,,1,61,13km,,,1997-10-12,Jaz podrem Slavc odleti v postojno jaz podrem erzo scuri jez podrem 2X in koncno odletim sredi dolin pod 100m do podna pa stebr potem pa na 1650 od tu pa domov polet je trajal eno uro ,1650m,2.8m/s,rox
Strmca,,1,74,,,,1997-10-14,Strmicarjenje in trening wingowerjev,1085m,2.3m/s,rox
Rahtel,,3,5;10;31,,,16mesto,1997-10-17,"Tekma na piko 3skupno,tretji skupno skupno, Tomaz 2. jaz16.",700m,1m/s,rox
Ulovka,,1,3,,,,1997-10-18,Testiranje Devine-a spust do brunarce,,,Divine
Lijak,,1,131,,,,1997-10-18,Jadranje Lijak -caven - lijak - rampa - lijak Testiranje Devine-a,1090m,2.5m/s,Divine
Strmca,,1,31,,,,1997-10-19,Strmicarjenje(rezerva),1080m,2m/s,Divine
Planina-Stolp,,1,6,,,,1997-10-21,Brezveterje -let ob Kurenu -kar cez sredino doline domov,,,rox
Koreno,,2,5;5,,,,1997-10-22,Testiranje in primerjanje Neona in Devinea,,,Neon/Divine
Sv.Ana,,1,5,,,,1997-10-23,Obtekanje grebena -bingale bongale do tal odletel sem samo jaz,,1m/s,rox
Planina-Stolp,,1,62,,,,1997-10-23,"Jadranje okoli Stolpa Erzo,Jaz,Andrej,Jernej,Slavc pelov sem devinea let preko kurena lahko bi letel preko cele vasi",960m,1.9m/s,rox
Lijak,,2,65;28,8km,7tekmovalci,7mesto_int,1997-10-24,Tekma Lijak Sv Marija nasledn gric od Danijela rampa Lijak -Jernej je zmagal erzo Grega Juri Andrej Jaz sem scuru ker sem pretiraval ,1300m,2.5m/s,rox
Lijak,,1,173,28km,4tekmovalci,1mesto_int,1997-10-25,"Tekma Lijak,Skabrijel,Lijak,Zm.Rampa,kolikor gre dalec-pristanek Picerija Anja",1233m,2.9m/s,rox
Planina-Stolp,,1,16,,,,1997-10-30,Pes na Planino potem pa let domov,850m,1m/s,rox
Razpadalica HR,,1,162,,,,1997-10-31,Super jadranje na Buzetu termika po celem grebenu,1150m,3.5m/s,rox
SV.Jelena HR,,1,5,,,,1997-11-01,Prosti met z policastega hriba start na eni od polic,,,rox
Razpadalica HR,,2,68;64,,6tekmovalcev,5mesto_int,1997-11-01,Prvi obrnil obratno tocko in imel pred drugimi na drugi veliko prednost a scuru ker sem soliral in napravil napako ,1075m,4m/s,rox
Strmca,,1,5,,,,1997-11-09,Korenov Tension Zvecer ko se niti obtdzat ni vec dal na grebenu s-total mir sem se odpeljal v dolito nad dolino pa mi ga je samo zaprlo vec kot polovica Takoj sem ga kontriral ko sem ga pogledal sploh ni nic skocil v smeri zaprte smeri pa tudi obratno ne nekaj sekund za tem pa je skocil v negativo po nekaj obratih je stvar spet normalno spelala-Hvaljen bodi bog na visavah.,,,airea tension
Strmca,,1,5,,,,1997-11-13,"Merjenje finese Tamoj, Neon, Rox",,,Tamoj
Lijak N.G.,,1,123,28.5km,7tekmovalcev,2mesto_int,1997-11-14,Tekma Rampa-KrizisceSkabrijel-SV.Marija-Vijadukt Jezero-Uradni Pristanek cilj,2065m,4.5m/s,rox
Zbevnica HR,,1,7,,,,1997-11-15,Let z Zbevnice v dezju Nov start Para safari v ujmi,,,rox
Planina Stolp,,1,71,,,,1997-11-16,Jadranje na Planini na veter -zima prihaja,830m,1m/s,rox
Zavrh,,1,51,,,,1997-11-18,Jadranje na Zavrhu visina 1200 in2m/s dviganja v prste me pa je zebl za stran past,1200m,2.5m/s,rox
Planina Stolp,,1,27,,,,1997-11-19,Jadranje na Planini Erzo ni mogel odletet ko sem pristal je tudi on odletel,820m,1.5m/s,rox
Kovk,,1,7,,,,1997-11-20,Let z kovka,,,rox
Planina Stolp,,1,5,,,,1997-12-03,Pes na planino potempa v nulci let v dolino,,,rox
Zavrh,,1,70,,,,1997-12-04,Jadranje okoli Zavrha -Slavc Erzo Jaz pristali smo pri Andreju za bajto,850m,1.5m/s,rox
Lijak,,1,104,,,,1997-12-06,Jadranje na Lijaku in skoraj na rampi kjer sem bil zelo nizek kasneje sem bil skoraj ves cas najvisji letel sem z gregatovim nimbusom on pa s tamojem on je nazalost scuru,1090m,2.5m/s,nimbus
Planina Stolp,,1,5,,,,1997-12-13,Letenje s Planine Erzo jaz Andrej pa ni uspel startati,,,rox
Lijak,,1,120,22km,6tekmovalcev,2mesto-int,1997-12-13,Disciplina Pilon Lijak - Kucl na Cavnu - Vrh Danijaela -Cilj Start Lijaka Bil sem drugi z nekoliko nesrece namrec nek Igor se je zaletel v mene in sva strmodlavla pod start.,1420m,2.5m/s,rox
Srednji Vrh,,1,30,,,,1997-12-20,Jadranje na vetr okoli srednjega vrha nakarse je naredila baza in sem moral jadrati zunaj in pod njo,,1m/s,rox
Lijak,,1,115,,,,1997-12-27,Letenje iz Lijaka na Kucl nazaj na Lijak. Rahu vzhodnik.,1650m,2.5m/s,rox
Lijak,,2,26;45,,,,1997-12-28,Matranje pod startom pobiranje 30 metrov iznad bajte. Pobral sem petsto metrov potem pa spet u podn. ,,1m/s,rox
Kovk,,1,30,,,,1997-12-29,Start v megli jadrali pa smo zunaj in ob grebenu proti predmeji.,,,rox
Gozd,,2,12,,,,1997-12-31,Merjenje finese na gozdu Andrejev padal je dvakrat zmagal-dvakrat sem najdlje letel Po meritvi izracunana finesa 1:7,,,rox
Kovk,,1,75,,,,1998-01-03,Megla jadranje ob grebenu letenje do predmeje in nazaj Letel sem z lezecim zicom in se mi je zdel super. Kva bi blo v termiki je pa drug vprasanje.,900m,1m/s,rox
Slivnica,,1,5,,,,1998-01-09,Rahu vzgornik let v dolino 11. 1.98 smo sli na mrzlico odletel je le Grega kasneje je mocno pojacal splosni veter,,,rox
Lijak,,1,120,,,,1998-01-13,Super termika mocna -Let na kucel in nazaj veliko zapiranj zelo zelo razbito- pomladansko-Andrej je na zalost imel nesreco poskodoval se je po tem ko mu je zaprlo padalo in je slo do tal,1450m,4m/s,rox
Lijak,,1,130,,,,1998-01-23,Tekma zimske lige pilon na rampi-danijel-rampa-lijak Disciplino je opravil le Juri jaz in Jernjej sva pristala na pristanku. Tekma je neregularna ker smo pilon obrnili le trije. Na rampi je pihala burja in je bilo precej divje. Jernej je pravi divjak - v turbolenci tisci gas do konca.,1386m,4.3m/s,rox
Zavrh,,1,83,,,,1998-01-24,"Slavc Erzo in jaz smo jadrali na veter z termiko. Slavc je pristal pri vojasnici, jaz in Erzo pa doma.",965m,3.5m/s,rox
Sekirca,,1,1,,,,1998-01-25,Jadranje nad pobocjem- na pristanku vingoverji zafrkancija z Atlasom,550m,1.7m/s,rox
Zavrh,,1,46,,,,1998-01-26,"Tone je obesu, Slavc in jaz sva jadrala na grebenu in pristala na Vrhniki.",980m,2.2m/s,rox
Zabocevo,,2,15,,,,1998-01-27,Testiranje in ucenje uporablanja varija in GPSa. Curjenje.,,,rox
Zabocevo,,1,15,,,,1998-01-28,Zabocev ze skoraj dela jadranje izkljucno na termiko.,766m,1.7m/s,rox
Kovk,,1,47,,,,1998-01-29,"Letenje na veter brez pobiranja. Samo vozil smo se. Z mrakom smo vsi Jaz, Grega, Erzo, Jernej pristali na startu.",1143m,1.5m/s,rox
Grmada-DobroP,,1,51,,,,1998-01-31,Smotan start k svina. Mice je potrgal 1/3 komand. Jadranje na grebenu. Prvi polet z Orange Nimbusom RC.,1096m,3.6m/s,nimbus
Gozd,,1,50,,,,1998-02-01,Termicno jadranje super za trening. Precej zajeban + neuletenost novega padala.Treba bo uletet motanje s tem padalom.,1177m,2.9m/s,nimbus
Strmca,,1,5,,,,1998-02-02,Vzlet in pristanek na strmci rahu veter-za scurt. ,,1m/s,nimbus
Gozd,,1,86,,,,1998-02-04,Prvi sem vzletel z Mihatom sva letela proti predvoru. V tretjem poizkusu sem pobral v tolstem inse odpeljal pod storzic kjer sem jadral dokler je bilo kaj termike. Se nekateri so poizkusali vendar ni nihce pobral v tolstem nobenga ni blo za mano. Pocas pridobivam obcutek za letenje s tem padalom.,1297m,3.6m/s,nimbus
Gozd,,1,74,,,,1998-02-05,Jadranje -diagonalno zaprtje- treba bo uletet to padalo.Diagonalno zaprtje-odprt je ostal samo uhelj.,1250m,3.6m/s,nimbus
Lijak,,2,151,44.5,,,1998-02-06,Drugi v zraku-curjenje. Drugic Nanos Heronim-Anja -Ajdovscina.Slab obcutek.,1352m,5.3m/s,nimbus
Zavrh,,2,13,,,,1998-02-07,Merjenje polare ; Spiralce ; letenje v dolino; skoraj dotikz uhlom po tleh.Spet nekoliko bolsi obcutek.,,0.4m/s,nimbus
Planina-Stolp,,1,5,,,,1998-02-08,"Let z Stolpa start iz prve, Erzo pa ni startal.",,,nimbus
Strmca,,2,108,,,,1998-02-10,"Strmicarjenje :Juri, Grega, Erzo,jaz in drugi.Ko me ruka imam zelo slab obcutek. ",950m,1m/s,nimbus
Strmca,,2,40,,,,1998-02-11,Strmicarjenje. Ce ni druzga!?,950m,1.5m/s,nimbus
Gozd,,2,123,,,,1998-02-13,Prvic je precej shejkal tako da sva imela po eni uri zadost. Z Gregatom sva pristala na vrhu in sla na pir. Potem sva sla ponovno u zrak. Jaz sem pobral do grebena krizke in se odpeljal v dobrco . Tu sem pobral nad zmajarsko rampo in se odpravil nazaj Nad Krizami pa me je navpicno odplaknil na tla. Super filing glede padala. Pocas ga bom uletel.,1330mm,4.1m/s,nimbus
Gaber,,1,10,,,,1998-02-14,Curjenje samo Slavc je jadral eno uro.Se en dokaz da se moram uletet.,,0.5m/s,nimbus
Ambroz1,,1,10,,,,1998-02-15,Zelo mocan zahodnik potem pa je spustilo tako da smo odleteli nekoliko celo pojadrali in pristali pod Grajcem.,,1m/s,nimbus
Zabocevo,,1,110,,,,1998-02-17,"Super jadranje termika - odprtje starta za leto 1998. V zraku smo bili Juri, Jaz, Grega, Erzo, Jernej, Slavc, Simeon.Dober obcutek na padalu - zapiranja. Samo v premetavanju se moram sprostit.",1040m,3.3m/s,nimbus
Kovk,,1,55,,,,1998-02-18,Z starta do predmeje in nazaj. Slavc je peljal Aljaza. Pristal sem na startu.Problemi z gasom. Spet sem sproscen na padalu.,1088m,4.1m/s,nimbus
Zabocevo,,1,84,,,,1998-02-19,"Super jadranje :Bostjan, Slavc,Jaz, Erzo, Tomaz, Jernej, Grega.Super obcutek-gas je v redu-samose instrumente montirat in polarao posnet.",1360m,3.5m/s,nimbus
Gaber,,3,102,,,,1998-02-20,"Super jadranje -pobiranje iz tal -pristajanje na startu. Slavc,Erzo Jernej,Mojca, Jaz,Sterovc,Dusan...-Ozki stbri, treba je blo delat.Uredu obcutek glede pobiranja,zapiranja, rukanje- tudi wingoverji so bili pravi.",522m,2.9m/s,nimbus
Lesno brdo,,2,10,,,,1998-02-21,Jugo zahodnik Grega in Jaz sva nekej jadrala.,,1m/s,nimbus
Lijak,,1,7,,,,1998-02-21,Grega Miha in jaz smo se vrgl dol.,,,nimbus
Zavrh,,1,75,,,,1998-02-24,"Super termika. Jadranje na grebenu Trebevnik-Javorc. Erzo Slavc Jaz,Tiln, Bostjan pa je scuru v kosu.",1270m,4.6m/s,nimbus
Samotorca,,1,7,,,,1998-02-25,Erzo in Grega sta jadrala pol ure in scurla tocno takrat ko sem sej tudi jaz v zrak. Skupaj smo scurli. Po startu me je precej zvijalo veter z leve.,,,nimbus
Ambroz,,1,109,,,,1998-02-26,Juri Miha Jaz. Start 14:00 Juri Suster in Miha ter drugi so scurili tako da sem nekaj casa edini bil v zraku. Odpeljal sem se do roba kalskega grebena vendar sem se vrnil ker nisem imel pospesevalca.,1937m,4.6m/s,nimbus
Kovk,,1,45,,,,1998-02-27,Pika tekma pristal sem v notranji krog. Skupno smo zasedli 3.mesto,,,nimbus
Gozd,,1,110,,,,1998-03-05,Prvic letos na 2000 -1900 nad Zadrago na ravnini. Storzic pa nisem pobral nad njega. stbri so bili sipki in ozki.Super samo izhod iz Bstalla je bil slab. Padalo mi je ostalo v prevlecenem letu.,2044m,4.8m/s,nimbus
Gozd,,3,75,,,,1998-03-06,"Lijak mocno na Gozd smo prisli ob pol stirih. Startali smo na gozdu pobrali na krizko odleteli do Storzicain nazaj, pristali na Krizki. Potem pa sli ponovno v zrak in pristajali tuch and go med Krizko in Tolstim. Potem smo odleteli na Gozd.Gas moram postimat. Super razgled Storzic v snegu z padalci.",2035m,4.6m/s,nimbus
Zabocevo,,1,65,,,,1998-03-10,Rotorji - Slavc je pred 1no uro odletu v Hrusevje.Premetavanje klofanje uglavnem dober trening. Erzo 11m/s dviganja.Zelo pestro.,1700m,6.2m/s,nimbus
Zabocevo,,1,90,15,,,1998-03-12,"Po enournem jadranju smo odplanirali iz 2500 v Ljubljano k Juriju domov. Na zabocevem smo bili Grega, Erzo, Juri,Jaz. Z Ilirske bistrice pa so prileteli Mega in Herman. Pristala sta na Pokojiscu.Koncno mam filing na tem padalu.",2580m,5m/s,nimbus
Gozd,,1,80,,,,1998-03-13,S slavcem sva sla do potoske in nazaj. S Slavcem sva pristala na Krizki.,1935m,4.4m/s,nimbus
Krizka,,1,30,,,,1998-03-13,"Vzlet s krizke fajtanjeza  visino -uspeh in pristanekna Senicnem po tekmi za Svoletovga prasca. Zmaga Simeon, drugi je bil Bostjan, Skupno smo zmagali. ",1477m,2.4m/s,nimbus
Zabocevo,,1,150,,,,1998-03-16,"Jadranje po celi dolini vojasnica-planinca. Nad greben se ni dalo vsaj za dlje casa ne. Slavc, jaz,Erzo,Dusana,Logacani.",1000m,3.2m/s,nimbus
Zabocevo,,1,110,,,,1998-03-17,Zelo svoh inpa ozki stbri. Prvi sem pobral na na 1400 in se odpeljal do konca doline. Ker se nisem pobral semse vrnil do krimsckain se zapeljal v njegovo zavetrno stran. Pihal je Seveozahod. Tu sem dobil batino do 2000m ze drugic sem vse nabil.Po tem sva s slavcem odletela. Jaz sem letel proti kocevju s hitrostjo 50 kmH in proti bazam. Nad Blokami pa je baz zmanjkalo in vrnil sem se za slivnico kjer sem se pobiral potem pa sem pristal pri Jerneju. Jimmi je pristal v Rakeku.,1990m,4.9m/s,nimbus
Lijak,,1,45,,,,1998-03-21,Italjanska tekma slavc sedmi. Jaz pa sem bezal izpod oblaka.Z gregatom sva zajebala mogoce najlepso moznost za odletet na buzet.,1943m,8.2m/s,nimbus
Zavrh,,1,61,,,,1998-03-25,Precej mocan veter je ob3h nekoliko pojenjal in z erzotom sva letela na Zavrhu pristala sva na stari vrhniki.,1214m,2.8m/s,nimbus
Ambroz,,1,205,49.43,,,1998-03-26,Erzo je napovedal KGora jaz pa Ratece. Erzo je pristal v Begunjah jaz pa v Dovjem.,1810m,4.8m/s,nimbus
Ambroz,,1,188,40,,,1998-03-27,Napoved Ratece Obrnu sem Valvazorja in pristal v Begunjah. Dones sem bil plazilec z jurijem sva se plazil po tleh in dirkala. Nekajkrat je malo manjkalo da bi scurla.Rabmo samo malo lepsi dan pa ratece padejo za salo.,1832m,5.1m/s,nimbus
Ambroz,,1,194,57.3,,,1998-03-28,Poizkus trikotnika. Precej razbito ozracje in zato sva z gregatom letela proti Ratecem Grega je pristal v jesenicaj jaz pa Vgozdu mrtuljek kjer me je rikvercal.Gorenske imam za nekej casa zadost. Vtreh dneh sem naletel devet ur.,1933m,5.7m/s,nimbus
Ambroz,,1,65,,,,1998-03-31,Matranje poed startom.,1000m,2m/s,nimbus
Strmca,,1,71,,,,1998-04-08,Strmicarjenje z termiko. Zapiranja pri polnemgasu.Zapiranja pri polnemgasu zadeva se je lepo obnasaloa. ,1200m,3.2m/s,nimbus
Gaber,,1,37,,,,1998-04-10,Plohe nevihte v notranjosti tu pa veliko stbrov precej mocan veter veliki oblaki tako da smo sli vsi namenoma pristat ker so bile cudne razmere.,500m,3.5m/s,nimbus
Lijak,,1,176,35,68,12,1998-04-18,Prva liga tekma skoz sem bil v vodilni skupini napaka na cavnu tu sem zaostal in sel slikat Ravne problem pa je bil potem pobrat. Obratna288 jaz pa sem se pobral iz 300m teren zelo polozen tako da sem imel obilo problemov. Od raven nazaj sem skoz pomalem tiscal gas in ujev Mihata. Zmagal je Jocif drugi Suster tretji Novak. Vcil nas je prislo 16 jaz sem dvanajsti vendar pa jih je ogromno zajebalo slikanje tako da bo rezultat zanimiv.,1368m,7m/s,nimbus
Zavrh,,2,70,,,,1998-04-21,Hladna fronta vse je drzal cetudi je bilo vse pod oblaki.,1200m,3.5m/s,nimbus
Zavrh,,1,105,,,,1998-04-22,Peglanje na trebevniku.,900m,1.5m/s,nimbus
Buzet,,1,96,,,,1998-04-24,Jerry je sel do ucke. Sma sem se vozil zunaj in sem pobral tako da sem pristal na startu. Bilo je zelo veliko zapiranj (oblakov) tako da ce si hotel biti visoko si moral imeti sreco da si namotal pod crno bazo potem pa je drzalo kljub zapiranjem. Erzo 2100m.,1386m,4.8m/s,nimbus
Buzet,,1,111,,,,1998-04-25,Erzo v pazin Grega na ucko jaz pa na lupoglav. Super dviganja super letenje lepe baze na1800m. Erzo izkoristu en grd oblak katerega sem jaz zajebal potem pa tako mocan pis da je slo komaj naprej. Karlo je imel neko pizdarijo v okolici starta z cultom.,1822m,4.5m/s,nimbus
LicMali,,1,19,,,,1998-04-30,Jadranje na Licu.,953m,1.9m/s,nimbus
LicVeliki,,1,45,,,,1998-04-30,Jadranje na zgornjrm licu precej mocan veter in grdi oblaki.,1182m,2m/s,nimbus
LicMali,,1,15,,,,1998-05-01,Pes na mali lic grdi oblaki zgori zauga odspodi je bilo razrukan.,918m,2.6m/s,nimbus
Gozd K.G.,,1,117,36.31,,,1998-05-02,"Na ambrozu mocan veter ni bilo za it v zrak. Na krizki pa super Jaz sem sel se z nekaterimi do Jakoba na Potoski potem pa na Drazgosko goro in nazaj vGovice. Grega v zeleznike, Miha v Bohinjsko Belo.Ker je bil na 1900m mocan veter in je imel grega v najsirsem delu doline tezave nisem odletel proti tolminu ker bi imel v grapah velike tezave. Mocan veter.",1960m,5.8m/s,nimbus
Zavrh,,1,65,,,,1998-05-04,Slavc je scuru erzo je scuri JJaz sem jadral eno uro na termiko potem pa je scuru pred mano se Logacan.,1202m,2.6m/s,nimbus
Zabocev,,2,15,,,,1998-05-05,Prekrivanja sranje ce si nizek. Bostjan je bil visoko in ga prekritja niso motila.,,,nimbus
Golte,,1,174,,,,1998-05-07,Trening za dirko,2576m,5m/s,nimbus
Golte,,1,91,,70,39,1998-05-08,"Dirka nazacetku mi ni slo potem sem ujel vodilne in el med prvimmi cez golte pobral eden redkih v neki zaajedi potem pa so se kar vozil cez mene.Disciplina: Golte, Sv Kriz, Marker, Crnivc, Malic, Mozirje",2058m,5.3m/s,nimbus
Golte,,1,36,,70,0,1998-05-09,"Cist zajebal dirko erzo je bil petiDisciplina: Golte,svKriz, marker,topolscica,okanina,sv kriz,Mozirje.",1991m,4.3m/s,nimbus
Ambroz,,1,222,68km ,,,1998-05-10,"Start ob treh v eni uri na stolu potem pa je kazalo precej slabo vse do ratec srecal padalca in zmajarja, zmajar je priletel z lisce, jaz in zmajar ta dan edina v Ratecah.Prvi uresnicen od zastavljenih.",2453m,6.1m/s,nimbus
Priznica,,1,50,,,,1998-05-11,Cudn veter cez greben slabo prebijanje termike. Nad startom sem navil na 1570 in odletel na zavrh.,1570m,5.4m/s,nimbus
Ambroz,,1,77,,,,1998-05-14,Oblake je mocno neslo s sevea vendar se ga ni cutilo Juri prvi potem jaz nato pa se ostali.,2237m,"5,2m/s",nimbus
Zavrh,,1,59,,,,1998-05-15,"Mocan veter od spodi tud mal razrukan, Bostjan Dusan in mojca so kmalu pristali jaz in slavc pa sva ga zmotala na in sva skoraj potegnila v logatec.",1545m,3.7m/s,nimbus
Lijak,,1,30,,,,1998-05-16,Burja cez lijak se je4 umirila termika je prebila in grega in jaz sva odletela. Ker se je blizala ploha sva sla pristat.,900m,2m/s,nimbus
Lijak,,1,150,35,,,1998-05-20,Ujel nas je zahodnik lahko bi odletel na nanosu cez vendar so me ostrasili napovedali pa smo pivko. Vendar pa smo od nanosa tako hitro zgubili visino da smo pristali v hrusevju.Mega je sel na Nanosu cez tako kot sem jaz mislu in je naredil 51km,2140m,5.5m/s,nimbus
Marela Kisovc,,1,35,,,,1998-05-22,Vsi so curili sele jaz sem dobil dviganje potem smo pa vsi zaceli jadrati.,1066m,2.9m/s,nimbus
GEos nad Litijo,,1,8,,,,1998-05-22,Se en nov start.,,,nimbus
Zabocevo,,1,151,31.08,,,1998-05-25,Jaz erzo sva odlezela v pivko za nama pa je priletel se grega. Nad pivko sem jadral se pol ure in pobral 500m nato pa se odpeljal proti veru par vasi naprej.Pri polnem gasu mi ga je parkrat sesulo vendar nisem imel pri temu nobenih tezav. Sedaj imam cez sto toc v XCju.,2317m,5.2m/s,nimbus
Gozd,,1,8,,,,1998-05-28,Z Jurijem sva sla na gozd a so bila velika prekrivanja.,,,nimbus
Vremscica,,2,220,,,,1998-05-29,"Supr jadranje voznja skozi baze, gas do konca, testiranje sektor protoja",1268m,4.9m/s,Sektor
Gozd,,1,156,38.44,70,10,1998-05-30,Tekma za ligo na Gozdu. Vidu sem se na petem mestu vendar so me nekateri prehiteli v cilnem doletu. isciplina:Gozd- Kalisce-GozdMarker-Godic pod velko planino. Od Markerja smo tiscali proti godicu in v mes nismo nic motali. Bila je zelo hitra dirka.Dobri so bili tisti ki se ga upajo bolj tiscat. Nimbus je pocasen. ,2022m,4.8m/s,nimbus
Lijak,,1,50,,,,1998-06-03,,1283m,4.3m/s,nimbus
Lijak,,1,153,74.2km,,,1998-06-03,Na lijaku smo napovedal sodrazico potem pa sva z jurijem odletela dovasi cez grosuple. Miha je tudi pristal tam nekje erzo pa na postojni.,1984m,5m/s,nimbus
Kobala,,1,180,49.6km,,,1998-06-04,Poizkus trikotnika slikal sem samo prvo obratno potem pa mi je crknu fotlc. Juri in jernej sta sla na svinak in imela tezave jaz pa sem sel na polovnik in nazaj pristal sem na kobali.,2000m,4m/s,nimbus
Kob.stol,,1,260,82km,70,9,1998-06-05,Od 24 sem prisel v cilj 9. od 70tih tekmovalcev. Disciplina:Kstol-Kuk-Kostnica-Krob-Dreznica-Volarje-Cilj.,1600m,5.1m/s,nimbus
Kob.Stol,,1,60,,70,okol25,1998-06-06,Z malo srece bi lahko zmagal vsi v prvi skupini smo od prve obrane samo se planirali ker je bilo vse pokrito. kasneje se jih je pripeljalo cezme se veliko.Disciplina:Start Kstol- Most na soci tolmin- trd-dreznica-kobala pristanek.,1600m,3m/s,nimbus
Zabocevo,,1,51,,,,1998-06-08,Jaz sem odletel prvi na priznci in sem na tem koncu danes edini jadral. Erzo je scuru. Grega in Miha pa nist mogla startat.,1250m,2.9m/s,nimbus
Lijak,,1,144,,,,1998-06-09,Napoved Lijak Trebnje. Jaz Erzo in Miha smo leteli do vipave tam pa je bil mocan jugo-jugovzhod tako da smo cisto nisko komaj zrinl za greben potem pa se je pokazalo sonce in spet smo pobrali nazaj na visino grebena. Zrinla sva se do table potem pa sva se odpeljala na sredo doline in zacela vrtet mocne stbre. Od tu sem odletel nazaj proti kovku in pobral tako da bi lahko odletel naprej. Vendar pa sem imel dovol zato semsel pristat k Anji.,1599m,5.2m/s,nimbus
Strmca,,1,5,,,,1998-06-11,"Polara ,neugodne razmere.",,,nimbus
Sr.Vrh,,1,5,,,,1998-06-12,12. 6. koncert potem 13. 6. letenje v Il.Bistrci.,,,nimbus
Kovk,,1,69,,,,1998-06-14,Erzo Juri sta scurla na razdrtem. Jaz in Miha pa sva nizko komaj pobrala da sva prisla do Hrasc pred postojno. Grega  se je od odzad pripeljal na Strmco. Iz strmce je Erzo odletel v Rakitno.,1690m,5.9m/s,nimbus
Strmca,,1,20,,,,1998-06-14,Miha in jaz sva snemala padal z borovcev. Erzo pa je odletel v Rakitno.,,2m/s,nimbus
Zabocevo,,1,77,,,,1998-06-17,Jadranje okoli zabocevga. Razo Erzo Jaz Andrej je bil po dplgem casu na startu Rus Bostjan.,1375m,4.5m/s,nimbus
Drazgose,,1,145,,,,1998-06-19,Napoved zaga s povratkom. Zaradi zahodnika nemogoce smo pa prileteli v ratitovec.,1895m,4.6m/s,nimbus
Zabocevo,,1,96,,,,1998-06-23,Jadrali smo po bazah v logatcu se naredi nimbus. Pristali smo v rakitni vingoverji!!,1780m,4.7m/s,nimbus
Gozd,,1,20,,,,1998-06-24,Scurl smo erzo grega in jaz ter ostali.,920m,2m/s,nimbus
Ambroz,,1,47,,,,1998-06-24,Jadal smo okoli ambroza dvakratt sem bil v bazi potem pa sem pristal na jezercih.,1718m,3.5m/s,nimbus
Priznca,,1,116,,,,1998-06-25,Priznca jadranje planina - vojasnica. Let v podpec.,1869m,4.6m/s,nimbus
Krizka,,1,108,,70,24,1998-06-26,Zelo cudni stbri po vecini svoh tezko nabrat visino. Zqapiranja nekateri so scurili iz1700.,1495m,3.7m/s,nimbus
Krizka,,1,66,,70,,1998-06-27,Kljub slabim pogojem se nam je uspelo obdrzati in sem imel tudi se kar lepo izhodisce vendar je bila tekma odpovedana zaradi nevihte ki se je blizala.,1421m,3.2m/s,nimbus
Strmca,,1,20,,,,1998-06-30,Do skarajnega desnega hriba in nazaj pristat na vrhu.,,,nimbus
Gaber,,1,49,,,,1998-07-01,Jadranje v zacetku celo termika. Samo jaz sem pobral na 920m,923m,2.5m/s,nimbus
RacnaGora,,1,54,,,,1998-07-03,Prvic curjenje v navidez dobrih pogojih scurili smo vsi tudi Juri. Drugic pa je slo na 2200.,2211m,5.3m/s,nimbus
Zabocev,,1,62,,,,1998-07-04,Jadranje okoli krimscka. ,,2m/s,nimbus
PenaNegra,,1,153,,,,1998-07-06,Prvi dan v spaniji ravninsko jadranje precej mocan veter pogosti stbri. Obratna tocka bazen od kampa. Letenje proti vetru.,2524m,4.7m/s,nimbus
PenaNegra,,1,268,47km ,,,1998-07-07,Drugi dan v spaniji. Letenje proti Avili v veter poizkus out and return. Zelo nizko pobiranje iz podna.,2666m,6.1m/s,nimbus
PenaNEgra,,1,300,95km ,,,1998-07-08,Mocan celni veter do krizisca pred avilo in nazaj proti vetru 4ure nazaj 1ura.,3247m,5.1m/s,nimbus
PenaNegra,,1,161,,,,1998-07-09,Izte razmere malinjene okoli starta in nad ravnino.,3503m,5.9m/s,nimbus
PenaNegra,,1,183,50km ,,,1998-07-10,Dirka z reprezentanco bil sem cetrti od 11 tih Prisel v cilj. Med letom imel hudo zapiranje ko sem padalo sestavu sem imel strganega. ,3416m,5m/s,nimbus
PenaNegra,,1,33,,,,1998-07-12,Letel s cultom vse me je motilo. Mocan veter. Prejsni dan FN Flig Niht ker je Jerry skril kluc od kombija. Za nagrado je zvecer letel v vodo oblecen.,2214m,4.1m/s,Cult
PenaNegra,,1,214,,,,1998-07-13,Letenje levo od starta nazaj na 04 potem do elbarko de avilja in nazaj proti piedrahiti. Nazaj s slavcem nisva sla ceprav bi slo. Sli smo na izlet.,2521m,5.6m/s,nimbus
PenaNEgra,,1,210,55km ,,,1998-07-14,Do pred avilje samo Jernej je letel cez mene.,3012m,4.6m/s,nimbus
PenaNegra,,1,212,59km ,,,1998-07-15,Ep disciplina Avila in nazaj isto sem pozkusil sam scuru pred avilo. Marko malovrh imel nesreco. Scuka Peter preletel v MAdrid.,3275m,5.6m/s,nimbus
PenaNegra,,1,180,52km ,,,1998-07-16,Dirka odpovedana zaradi Markove smrti. rvic baze in se na 4000m super pogoji ki jih jaz nisem izkoristu. Pristanek Avila Erzo do vila kastin.,4005m,5.1m/s,nimbus
PenaNegra,,1,15,,,,1998-07-17,Let v dolino zaradi nevihte dirka odpovedana. Suso scuru a imel sreco da je dirka odpadla. Od tega dne sta bila se dva slaba dneva v katerih nismo nic leteli. Pac pa sem na zakljucni dan spoznal punco Gabrijelo Gabi iz Avstrije. ,,2.1m/s,nimbus
Zavrh,,1,90,,,,1998-07-23,Z Slavcem sva jadrala na zavrhu in na dolu ni slo visoko bila je svoh termika in zanesena.,1100m,2m/s,nimbus
Zavrh,,1,45,,,,1998-07-23,Po pristanku na vrhniki pa se enkrat z zalaznikom jaz in Slavc sva pristala na vrhu.,1200m,2m/s,nimbus
Zavrh,,1,115,,,,1998-07-24,"Jaz in Grega sva sla v zrak ob treh in sva ze eno uro jadrala ko sta prisla zalaznik in tone. Jaz sem se vozil na drugi strani doline. Grega je enkrat pristal na startu, na koncu pa smo vsi odleteli na vrhniko.",1300m,2m/s,nimbus
SrVrh,,1,110,,,,1998-07-25,Grega Erzo Slavc Mojca Jaz smo jadrali na Srednjem vrhu. Prvi sem sel v zrak in pobral do baze ko drugi niso mogli. Potem sem odletel do zabic in nazaj. Ker razmere niso bile dovolj dobre sem pristal na startu. Erzo in grega sta letela do sembij.la ,1730m,3.7m/s,nimbus
Priznica,,1,7,,,,1998-07-26,Skok s priznice visoko mocan zahodnik odspodaj pa nic vetra.,,,nimbus
Zavrh,,1,68,,,,1998-07-28,Nic vetra samo termika slavc franci in se dva scurila +se dva zmajarja. Samo jaz sem pobral nekoliko nad start potem na 1400 iz tu pa sem se odpeljal na planinco kjer sem z visine grebena pobral na 2000m baza. Iz tu bi lahko samo kam zaplaniral.Ker z 2000m ni bilo prespektivno kam odletet tako da bi spet pobral sem odletel na zavrh vas in tam pristal.,2000m,4m/s,nimbus
Gozd,,1,105,,,,1998-07-29,Jaz sem startal in pobral edini od tiszih ki smo bili na tleh. Odletel sem do potoske in nazaj. Andrej je bil na startu in cakal ker je pihalo dol. Pristal sem na Gozdu.,1830m,5.2m/s,nimbus
Priznica,,1,45,,,,1998-07-30,Zahodnik samo jurij je dobil stbr ki je sel visoko a takrat me se ni bilo v zraku.,,2m/s,nimbus
Vogar,,1,47,,,,1998-07-31,Prvic na vogarju pes smo sli na start Juri Grega in Jaz. Zahodnik. Nic z Triglavom.,1400m,3m/s,nimbus
Vogar,,1,30,,,,1998-08-01,Na start smo sli Juri Grega Mico in jaz z namenom triglav ceprav smo vedeli za zahodnik Nekateri smo se nekaj jadrali medtem ko so nekateri skocili v lukno v kateri sem sel dol tudi jaz. Boril sem se do konca. V studorju sem skoraj pobral.,1300m,3m/s,nimbus
Zabocev,,1,5,,,,1998-08-03,Curjenje Erzo jaz Andrej,,,nimbus
Ambroz,,1,173,35.10km,,,1998-08-06,Z Jurijem sva letela z ambroza na krisko in nazaj jaz prvic z novim nimbusom. Erzo v Trsteniku z Ambroza pa smo sli direkt v bohin.,1924m,4.2m/s,nimbus
Vogar,,1,177,,,,1998-08-07,"Jaz prvi v toscu Juri prvi v triglavu. Cel dan sem letel po hribih a nisem mogel na triglav. Na koncu smo pristali na Planiki:Novak, Kurnik,Erzen..Spoznal smo veliko prijetnih deklet.",2510m,5.6m/s,nimbus
Vogar,,1,162,,,,1998-08-08,Z Jernejem sva porinla v notranjost z manj kot dveh jurjev. Jaz sem sel v voje on pa direkt. Srecala sva se spet na toscu. Iz tu sva se v sprenstvu se nekoga zapelala v triglav od tu pa smo pobrali levo od planike v razfukanem stbru cez triglav.Nad triglavom sva si pozirala. Nato pa planiranje na Vogu do konca grebena. Za namecek sem za foro pobral iz pristanka v visino vogarja potem pa sem sel dol ker sem imel zadost.,3436m,4.5m/s,nimbus
SMucisce ZAbocev,,1,96,,,,1998-08-10,S Slavcem sva pobrala s smucisca iz podna potem pa smo se vozili po vsej dolini na koncu sem se zapeljal iz planince v zavrh in v dolino pristal sem pri mostu.,1330m,4m/s,nimbus
Zavrh,,1,68,,,,1998-08-11,Veter,1000m,2m/s,nimbus
Priznica,,1,21,,,,1998-08-12,Matranje okoli smucisca vsi smo scurili,,1m/s,nimbus
Krvavc,,1,124,,90,13mest,1998-08-14,Disciplina Sv Lovrenc Psata senicno cerkev Stefanja Gozd zavetisce cilj Disciplino ni nihce koncal zmagal Kriznar janez Sam sem bil prvi z marcem as se jih je peljalo preko naju se 12. ,1835m,4.1m/s,nimbus
Krvavc,,1,153,48km,90,16mesto,1998-08-15,Disciplina: Senicno cerkev predvor hotel borgozd zavetisce kalisce koca cilj Zmagal Slana Sam nisem letel tako kot treba prisel v cilj 16. Vrhnika na tretjem mestu. Najbolsi vrhnican.,1812m,4.4m/s,nimbus
Krvavc ,,1,121,30km,90,prekinjena,1998-08-16,Disciplina: Gozd koca jakob valvazor cilj. Tekma odpovedana zaradi grozecih nimbusov. Zjernejem sva bila ze na dobrci 1 in 2 pozicija proti valvazorju pa je bila tekma odpovedana.,1950m,5.1m/s,nimbus
Krvavc,,1,196,,90,8mesto,1998-08-17,Disciplina: Gozd marker Sredna bela stefanja gora gozd za v cil je zmankalo sonca cudezno sem pobral potosko in pristal v trsteniku zmagal je Marko Novak.,2010m,5.1m/s,nimbus
AbrozSmuc,,1,20,,,,1998-08-19,Tekma DP na Krvavcu odpadla Trenutno sem 7. Jadrali smo na grajcu.,,2m/s,nimbus
Krvavec,,1,130,47km,90,32mesto,1998-08-20,35 minut pred zasledovalci scurili smo na dobrci Jaz Slana Novak Lotric... Zmagal Jernej Erzo tretji. Disciplina:Krvavc-gozd-mozjanca-valvazor-dobrca-peter-senicno.Drzavno prvenstvo zakljuceno sem na 11.mestu mogoce v rezervni reprezentanci.,2100m,3m/s,nimbus
Stolp,,1,22,,,,1998-08-24,Pes na planino let v dolino.,,,nimbus
Zabocevo,,1,82,,,,1998-08-25,Trikotnik start vojasnica fbrka start pristanek v rakitni.,1240m,3.9m/s,nimbus
Ambroz,,1,120,30km,,,1998-08-29,Ambroz Kriska Ambroz super samo za pelat- mocna termika - pristal na jezercih.,2100m,5.3m/s,nimbus
Strmca,,1,45,,,,1998-08-31,Zanimivo jadranje ne prevec mocan vetr letenje nad ravnino na drugi strani doline..,1100m,2m/s,nimbus
Strmca,,1,30,,,,1998-09-01,,,,nimbus
Ambroz,,1,129,,,,1998-09-05,Jadranje okoli ambroza,1870m,4.3m/s,nimbus
Zavrh,,1,15,,,,1998-09-08,,,,nimbus
Kovk,,1,110,,,,1998-09-10,Dirka Juri Jaz in Erzo Kovk Predmeja Heronimo in nazaj do anje jaz sem prisel iz heronima nazaj do podnanosa Juri je v podnanosu erzo v Vipavi. ,1350m,4m/s,nimbus
Gabr,,1,6,,,,1998-09-12,Letenje v dolino ,,,nimbus
Strmca,,1,45,,,,1998-09-13,Strmca z Ezoto sva v Logacu Mega v zraku letiva greva domov sva v Logatcu mega je se v zraku. ,,,nimbus
Gaber,,1,105,,,,1998-09-15,"Mocan veter na nekaterih delih tudi mocna termika ki jo niso vs imeli moznost dobit. Letel sem od stolpa naprej do platoja tam pa nisem mogel pobrat, zato sem se vrnil . Iz lukne sem pobral na start pristal potem pa sem odletel in pristal ob cesti.",1050m,4.5m/s,nimbus
Zavrh,,1,40,,,,1998-09-19,Veter pristal na startu.,,1.6m/s,nimbus
Kamniski Vrh,,1,75,,,,1998-09-21,"Z Mihatom Gorazdom, Jakatom smo sli pes na vrh. Rabil smo eno uro. Jaz sem napovedal jesenice vendar pa sem se na poti proti kokri obrnil in odletel nazaj na k.vrhv ker je bilo vse pokrito. Najverjetneje bi pristal pod potosko. Nazaj z Ambroza sem se odpravil nekoliko nad srednjim startom priplaniral sem nekoliko nad pristanek ta cas pa je spustilo tako da so se mi pridruzili tudi ostali, od katerih pa sem samo jaz ponovno pobral nad K.vrh. Ko sem v hrib pihalo je dol.",1350m,5m/s,nimbus
Ambroz,,1,5,,,,1998-09-22,Vse pokrit vrgu sem se v prazno. Na zavrhu so dobr jadral.,,,nimbus
Buzet,,1,197,50km,,,1998-09-23,Jaz in Mare sva letela na ucko priucki je mare tudi kasneje pristal sam sem se vrnil na buzet.,1500m,5m/s,nimbus
Gaber,,1,7,,,,1998-09-25,Veliki met,,,nimbus
Osp,,1,5,,,,1998-09-25,Se en met s vetrom v hrbet,,,nimbus
Kovk,,1,145,,,,1998-09-28,Letenje start predmeja start - potem se z Jurijem nato pa v Hrusevje. Okoli nas so se delale nevihte. Na Vrhniki je bil Sodni dan- sodre da so jo z lopatami kidali.,1395m,4.3m/s,nimbus
Kovk,,1,135,,,,1998-10-01,Letenje nad ravnino veliko baz in termike skoraj priklopu caven potem pa odletela s slavcem v Postojno.,1500m,4.8m/s,nimbus
Rahtel,,1,15,,,,1998-10-09,Zadna pika tekma zelo mocan zahodnik.,,,nimbus
Zmajarska Rampa,,1,105,,,,1998-10-10,Start na zmajarski rampi na primorskem let na kovk in do anje mocan zahodnik testiranje dolinskovega fasta in od tjase zica.,,4.3m/s,nimbus
Zavrh,,1,26,,,,1998-10-12,Jadranje nulce kdo dalj.,,2m/s,nimbus
Kovk,,1,105,,,,1998-10-14,Tjasin zic dvakrat skoraj do predmeje in nazaj. ,,3m/s,nimbus
Planina Stolp,,1,8,,,,1998-10-19,Scuru s planone,,,nimbus
Buzet,,1,75,10km,24,2mesto ZL,1998-10-23,1 dirka Zimske lige :disciplina pilon cerkev start cerkev start cilj. dolzina:23km zaradi vremenskih neprilik sem naredu 10km pristal na drugem mestu od 24.,,3m/s,nimbus
Buzet,,1,80,,,,1998-10-30,Neuradno neuradna dirka spica polet klv start - tunel cerkev nazaj Z jurrijem sva zmagala. Super termicno jadranje,1678m,4.2m/s,nimbus
Lukovc,,1,65,,,,1998-11-06,ZL odpadla zaradi mocne burje sli smo na naprotno stran doline in jadrali v precej razsuti atmosferi ,,3.2m/s,nimbus
Lijak,,1,112,,32,4mestoZL,1998-11-07,2 ZL DIsciplina: Start Rampa Marker Marija Pista Sekret Kromberg cilj Rezultat bi bil lahko bolsi pomankanje strpnosti  ,1008m,3.4m/s,nimbus
Zavrh,,1,35,,,,1998-11-11,Brez padala na startu termika Erzo Juri Joze so jadral. Potem pristane Juri na staru mi posodi opremo da sem sel se jaz mal motat. Termika povsod zelo mraz v visini. Testiral Susotov sedez ugotovitev da je eden bolsih.,1400m,3m/s,nimbus
Kovk,,1,65,,,,1998-11-13,Vetr-vse je drzal,,1m/s,nimbus
Lijak,,1,116,40km,,,1998-11-18,"Z razotom sva dirkala disciplino:lijak -rampa-danijel-svmarija-modelarska pista- sekret na cavnu- kromberg- cilj Disciplina je dolga 40km koncal sem jo v 1uri56min. Povprecna hitrost 20km /h. Bilo je zelo mrzlo, nekateri so bili na 1800m.",1200m,5.2m/s,nimbus
Lijak,,1,40,,,,1998-12-06,"Vsi na Lijaku. Ko smo prisli na start se je vsa oblačnost razpadla. Čez 45 minut smo poleteli. Grega je hitro pobral. Nekateri pa smo se fajtali 40min v skalah dokler nismo pristali. Sam sem slabo slišal vario, termika pa je bila tako ozka da nisi ostal v stbru več kot pol kroga.",,1.5m/s,nimbus
Lijak,,1,29,,,,1998-12-12,Zimska liga propadla. Malo premalo termike.,,1.5m/s,nimbus
Kovk,,1,35,,,,1998-12-13,Vetr-vse je drzal,,1.5m/s,nimbus
Kovk,,1,65,,,,1998-12-26,Termika pobral sem iz melisca. Ajo mi je posodu Culta.,,2m/s,Cult
Kovk,,1,55,,,,1998-12-29,Veter vse je drzal.,,1.5m/s,nimbus
Vz.rob Vremščice,,1,2,,,,1999-01-03,"Rus in Jernej sta bila z Popularji jaz pa z Cryzijem. Spodila nas je huda familija, poklicali naj bi policaje. ",,,Ventus2
Tabor,,1,3,,,,1999-01-15,"Erzo, Slavc in Jaz smo se vrgl v zrak in pristal na platoju.",,,Nimbus
Buzet,,2,60,,29,7,1999-01-17,Zimska liga na 3 obratni vsi scurl razen dveh Novaka in Lotriča.,,3m/s,Cirrus
Buzet,,2,75,,29,2,1999-01-23,"Zimska liga na Start, Krizisce, Marker, Crnica, Cimos, Kapelca, SvToma, Cilj. Zaradi vetra in poz nega popoldneva smo obrnili cimos, Samo lotric je obnil Cimos in se pobral. Odletel je z vetom stran od smeri in  visoko priklopu greben. Tako se je lahko vrnil se na Kapelco. Bil sem vso dirko v ospredju.",,3m/s,Nimbus
Buzet,,2,55,,30,,1999-01-24,"Zimska liga prva runda scuru vendar smo ta dan imeli moznost ponovnega starta Na crnici rotor negdo je imel nesreco. Dve napaki ki jih ne smem nikoli ponovit: Prvic semscuru ker ko sem odletel nisem  Zbral podatkov o siteuaciji. Veter, Stbri sirina jakost visina. Drugic: Pri crnici bi moral it iz tam kjer sem pobiral direkt na obratno tocko, namesto da sem sel bol v rotor in potem vecjo pot po njem.",,3m/s,Nimbus
Lijak,,2,38,,,,1999-02-19,"Juri ucil neke nemce, potem se je odprlo in nekoliko smo lahko pojadrali.",,1.5m/s,Soul
Kovk,,1,30,,,,1999-02-20,Z gregatom sva letela v ravnopravsnjem laminarnem vetru- vse je drzal. Kasneje se je zaprlo pricelo je rositi.,,1m/s,stratus
Planina Stolp,,1,49,,,,1999-02-25,"Na planino sem se odpravil peš ob 12:00. Na start sem prisopihal ob13:15, na rami fa sem vlekel kompletno opremo z balastom vred. Na srečo je v intervalih pihalo tako da sem mislil da bom za šalo štartal in da mi bo padalo takoj prijelo. Dvakrat sem poizkusil a vsakič že po prvem koraku padel. Med poizkusom sem spet čakal da je pihnilo. Končno sem dočakal naslednji interval in štartal naprej na mestu. Ura je 13:50 jadram. Bilo je nekaj termike,(dviganje 2.7m/s) od kod nevem, a bila je termika. Po 49 minutah ni bilo več toliko stebrov, vlačil sem se samo še na grebenu. Tako da sem prvi stebr izkoristu in se zapeljal proti Podlipi in po grebenu čez Kuren domov.",890m,2.7m/s,stratus
Lijak,,1,111,30,,,1999-02-26,Letenje z lijaka do razdrtega.,1374m,5m/s,stratus
Lijak,,1,130,,29,0,1999-02-27,"Problem z križem na kuclju. Super letenje, ostro, pobiranje iz podna. ",1200m,5m/s,stratus
Kovk,,1,90,,29,11,1999-02-28,Precej smo tiščali. Veter če si nekoliko zaostal si zelo težko pridobil razliko. Na Cerkev pod kovkom smo se zapelali v nedelujočem intervalu tako da smo vsi razen Novakarce scurili. Zmagal Aleš. Dirka je bila dolga 51km.,,5.3m/s,stratus
Lijak,,1,140,,,,1999-03-14,"Pihala je šipka burja nekatri so leteli do vipave, sam pa sem na vshodnem robu čavna napravil odločitev da nas bo če ne prej odplaknilo na vipavi. Letel sem nazaj in obrnil Sveto goro ter pristal na štartu. Bilo je ludo I nezaboravno.",1430m,4.7m/s,stratus
Lijak,,1,81,,,,1999-03-20,Sever Leteli smo na kras velike visine Mico na 2800,2150,4.6m/s,stratus
Lijak,,1,115,,,,1999-03-21,"Stratus letenje start danijel, rampa, danijel, marija, viadukt, pristank ",1470m,4.7m/s,stratus
Zavrh,,1,77,,,,1999-03-23,Na startu je ni nic pihalo oz. Rahu hrbet. Na planinci so se delale vina bazice tu pa nic oblake je neslo z vzhodnikom na startu pa nic vetra. Na startui smo bili Erzo Zalaznik Bostjan in jaz. Prvi sem se pripravil in se odločil da startam takoj ko rahlo pihne gor. Takoj ko je potegnilo navzgor sem startal in se odpeljal naravnost cez dolino. Kazalo je zelo slabo tudi oni na startu so si morali misliti kako bo scuru kot kanta. Na drugi starani sem dobil neka nestanovitna rahla dviganja. Ko sem zgubil dviganje je vse kazalo da je konec. Peljal sem se ven iz dolinein dobil steber ki sem ga s popravki zvrtil do baze 1200m. od Tu sem se z gasom odpeljal proti naslednji bazi na barje. Tu sem pobral iz 900 na 1100 nad Blatno brezovico. Tu sem vstavil film v fotoaparat. Nad vojasnico sem spet popraviol visino in nad St Vrhniko sem ze bil na 1300m v bazi. Potem sem sel pogledat na Planinino od tu pa prek Ulavke v podlipo. Da ne bo v podlipi nic sem videl ze nad Planino. ,1307m,4m/s,stratus
Zabocevo,,1,158,,,,1999-03-24,Na startu je pihalo v intervalih in prvi je potegnu Jeri z stratusom. Takoj za njim sem startal sam. Jaz sem se obdrzal in pobral vozu sem se na 2300m vbazo nad gozdovui za rakitno. Odletel sem pod bazo pri sv Ani od tu pa cez gozdove pod bazami nazaj proti Planinci in na Zavrh. Od tu nazaj na zabocevo kjer je Jeri ze pobral na 1400m. Pobrala sva se nekaj visine potem pa sva se odpeljala na sv ano tu sva z 1000 pobrala na 1500 Jernej je odletel naprej jaz pa nazaj spet sem letel cez hoste in nevem ce nisem jadral na valovih brez da bi obracal ker je prevec pihalo sem se peljal cez hoste in glajdal na pogostih dviganjih. Ko sem priletel na Zabocevo je tako pihalo da z polnim gasom nisem prebijal. Nekako je le spustilo in pristal sem ob vasi. Jernej je z sv ane odletel v Smartno pri litiji.,2350m,4.8m/s,stratus
Zavrh,,1,30,,,,1999-03-28,Veter z vrhnike obtekanje zunej sem sicer nekej zvrtil ampak scuru.,,2m/s,stratus
Zavrh,,1,77,,,,1999-03-31,"Termicno letenj, veter je pihal v dolino, pristal sem pri Tarasu.",1100m,3.1m/s,stratus
Ambroz,,1,181,,,,1999-04-01,"Z mihatom sva letela trikotnik letela sva v kmaniskih alpah vendar zaradi severnega vetra nisva mogla obrnt kocbekovga doma. Super res lepo sneg v hribih, samo nekoliko neugoden obcutek v zaveterni straneh hribov. ",2322m,4.8m/s,stratus
Ambroz,,1,57,,,,1999-04-02,Erzo in jaz sva startala na smuciscu. Severni veter precej razbutan vendar sem se pocutil odlicno. Najbolsi stber letosd 6.8m/s Slikal smartno in nameraval letet trikotniok. Preprecil severni veter. Kasneje so leteli na velikih visinah baza se je dvignila. 3000m Pristal sem v zupanjih njivah. Napake na 1350 sem imel moznost letet na vplanino ali pa nazaj zapeljal pa sem v kamniski vrh. v zavetrni strani sem se pobral in imel kasneje nekoliko tezav. Ko v vzhodni strani ambroza ni prijelo bi se moral zapeljat nazaj v rotorjere oz nazaj v kamnisjki greben. ,2230m,6.8m/s,stratus
Lijak,,1,40,,,,1999-04-03,Sever najpej lepo prvi stbr nad startom potem pa tako razfukan kot se nikoli. Dozivel nisem nic extremnega razen turbolernce tako da sem imel res polne roke dela. Nekaj minut po mojem opozorilu da je hudo je Mojca porocala da je Tita strmoglavla vrgla je rezervo. Strizni vetrovi ko sem pobral naprimer iz nizjega sloja v visji je zacelo tako razmetavat da se ni dalo poberat.,1300m,4.8m/s,stratus
Bassano,,1,120,,,,1999-04-04,Letenje v italiji z novim padalom letenje cez dolino in primerjanje padal super.,2000m,5m/s,stratus
Ambroz,,1,35,,,,1999-04-05,"Precej razbit in nevarn start poletovcem je propadu trening novakarci in men XC. Delal sem b, fron stall, zapiranja ",,2m/s,stratus
Priznica,,1,150,53,,,1999-04-06,Letenje skoraj do novega mesta Erzo cez novo mesto letela sva drugacne spure. Meni je zmankalo baz in sem moral letet popolnoma drugo smer. Nad zuzemberkom sva se spet srecala le da je bil on pod baza jaz pa na grebenu na 700m tu sem se potem matral 45minut in mi se je uspelo pobrat na 1200m od tu sem pristal na Strazi pred NM ,2650m,5m/s,stratus
Sv.LovrencP.G.,,1,140,23,,,1999-04-10,"Na startu je lepo kazalo(oblacki) Prvi je potegnu Slavc, potem pa jaz. Bila je prava odprava na ta hrib (rakicani vrhnicani, domacini) Zelo hitro sem pobral na 2000m medtem ko drugi niso mogli. Potem sem se odpeljal na Grmado in na Tosc. Od tu nazaj in na 2200. Ta cas pa je mojca odletela proti zirem zelo nizko. Sam sem se odpeljal proti vrhniki. Nad podlipsko dolino sem imel se 1100. Na planini je bilo nestanovitno. Ko pa se peljem proti BJju zagledam ptica kako vrti. Se je upanje poberem na 1300 se odpeljem proti notranjosti ker zagledam nov oblak. Tu popravim na 1500 in naravnost cez Pivkovo bajto. Od tu napreje je bilo vse pokrito koprena in nekaksni nestanovitni kumulusi. Zacuda sem se kar dobival sem in tja lep stbrcek, ki pa nobeden ni sel cez 1500. Nad kalcamui sem imel 1200m premalo za cez hoste proti primotrski. Pihalo je iz smeri Planinskega polja in brez naslednjega stbra sem pristal kar na Kalcah. ",2222m,4.8m/s,stratus
Priznica,,1,61,,,,1999-04-20,"Erzo in jaz in Bostjan smo leteli okoli zabocevga bili so zelo veliki in visoko razviti oblaki dviganje je bilo zelo mocno, pihal je zahodnik vse okoli nas so bile zavese in nimbusi tako da nas je bilo kar malo strah. Imel sem mokre noge tako da me je zelo zeblo, na startu in v rakitni je bil se sneg. Ce bi imel suhe noge , bolso obleko in me ne bi bilo tskop strah bi mogoce lahko odletel proti novem mestu.",1700m,6.2m/s,stratus
Šemprimožnik,,1,15,,,,1999-04-24,Gornji grad pika tekma Rus Bostjan v nuli sam na crto kroga.,,1m/s,stratus
Bezovnik,,1,5,,,,1999-04-24,Na drugo stran jadrat ampa kvreme se nas ni usmillo.,,,stratus
Lijak,,1,38,,,,1999-04-25,Lijak jadranje plohe konc s KLVjem,,1m/s,stratus
Priznica,,1,40,,,,1999-04-26,Razotov rojstni dan zaradi grdih oblakov nisem odletel do razota. Na Visoko prikurescku.,,4m/s,stratus
Gozd,,1,120,50,,,1999-04-29,Mare Tomi smo strikal gozd potoska dobrca mozjanca pristank pod gozdom od dobrce do mozjance in do pristanka brez vrtenja.zelo pozn smo startal pristal ob sestih.,,3m/s,stratus
Gozd,,1,100,,,,1999-05-02,Matranje na gozdu. Startal smo precej zgodaj. Do kalisca potem sem izpod lovrenca pobral nazaj in sel na krizko. Dober trening.,,5.8m/s,stratus
Krizka,,1,30,,,,1999-05-02,,,2.2m/s,stratus
Zabocevo,,1,10,,,,1999-05-03,"Jernej Scuru z priznice, jaz scuru z Zabocevga, Erzo kasneje odletel z priznice v Ljubljano.",,,stratus
Gozd,,1,100,,,,1999-05-08,"srednji vzhodnik precej pokrit in svoh termika precej je blo spihan vse skupaj trije lepi stbri Vozu sem se precej nizko, pelal velik z gasom nism se cist uleten glede odlocanja  ",,4m/s,stratus
Krizka,,1,25,,,,1999-05-08,Po tem smo z Gregatom in Mihatom sli na pristat na Krizko na en caj.,,2m/s,stratus
Lijak,,1,45,,,,1999-05-16,Zelo slabo vreme ko pa se je malo odprlo smo odsli na start prisli smo prepozno spet se je zaprlo malo je padal dez malo je dol pihal in Taras je startal. Ker se mi ni dal pelat v dolino z avtom sem sel letit z gregatovim padalom. Ko pa sem pobral so sli se ostali v luft. Letel smo skoraj eno uro ko je spet pokril in smo scurl.,,2.6m/s,stratus
Sv.Primoz,,1,100,,,,1999-05-17,Jurij jaz in Mare smo startal okoli dveh pihalo je tako da smo startali  v zaveterju.  Na zacetku je bil samo veter in mare je ze skoraj scuru. Pol pa je zacela delat se termika. Mare je iz podna pridrvel gor z sedmico skupaj smo zvrteli ta stbr potem pa se je zacelo uzivanje termika. Letel smo po ravnini proti vetru in se vozil po celi dolini. Mene je sesul z polnim gasom in se zdi kar v redu.,1500m,4.8m/s,stratus
Zabocevo,,1,80,,,,1999-05-18,Z Jurijem sva startala na zabocevem pihal je dost mocan vzhodnik tako da je mene ki sem takoj pobral odneslo cez dolino medtem ko je Jurij imel vec problemov z pobiranjem. Letel sem proti vinjemu vrhu in tam pobral a je bilo se bolj razbito. Z gasom sem sel tudi 46proti vetru.Z antene nad pokojiscem 1500 sem letel na planinco od tam pa nazaj in sem se enkrat pobral nato pa sel pristat. ,1500m,4.8m/s,stratus
Lijak,,1,40,,,,1999-05-22,z gregatom sva letela pred ploho pol se je nardil ,,3m/s,stratus
Krizka,,1,30,,,,1999-05-23,Gabling dirka zelo veliko nas je scuril v temi kasneje krasni pogoji Jurij je zmagal,,2m/s,stratus
Priznica,,1,95,,,,1999-05-24,"Jadranje precej razbit mocan vzhodnik, tud na 2000m, na koncu sem sel pogledat kaj se dogaja med planinco in podpecjo kjer velikokrat dela a je bilo precej svoh.",2000m,5.1m/s,stratus
Gozd,,1,170,32,,,1999-05-25,Napoved trikotnika a so se razmere presenetlivo pokazale za precej slabe tako da smo leteli na ambroza in nazaj. ,2200m,5m/s,stratus
Gozd,,1,133,32,,,1999-05-27,Na ambroza pa nazaj jaz sem se ujel na ambrozu dobra sola,2140m,5.5m/s,stratus
Gozd,,1,40,,,,1999-05-28,,965m,2.1m/s,stratus
Stol Tekma,,1,35,,,,1999-05-29,,1318m,3.8m/s,stratus
Stol Tekma,,1,152,,,,1999-05-30,,1249m,4.7m/s,stratus
Stol Tekma,,1,237,50,,,1999-05-31,,1748m,4.8m/s,stratus
Stol Tekma,,1,88,,,,1999-06-01,,1600m,5m/s,stratus
Kobariški stol,,1,45,,,,1999-06-02,,1311m,3.5m/s,stratus
Kobariški stol,,1,263,91,,,1999-06-03,90km disciplina iz ene doline v drugo super,1746m,6.9m/s,stratus
Kobariški stol,,1,265,80,,,1999-06-04,"Slavc imel nesreco- dokler bomo leteli mi ki nas je on navdušil in učil, ter navduševali še druge bo Slavc vedno živel",2183m,6m/s,stratus
Kobariški stol,,1,9,,,,1999-06-09,Po Slavcovem pogrebu sem odsel pes na planino in v sončnem zahodu odletel v dolino.,,,stratus
Kobariški stol,,1,179,45,,,1999-06-10,"Svetovni pokal v Kobaridu, letel sem z njimi",1874m,5.3m/s,stratus
Kobariški stol,,1,25,,,,1999-06-12,Svetovni pokal v Kobaridu dirka zaradi nevihte odpovedana,,0.7m/s,stratus
Kobariški stol,,1,61,,,,1999-06-17,,1626m,4.8m/s,stratus
Priznica,,1,19,,,,1999-06-24,Napoved XC propadla Erzo odletu na kolpo veter dol mal rotorcka,850m,3.7m/s,stratus
Zabocevo,,1,93,,,,1999-06-24,Kasneje na zabočevem pobral a je bila ura ze 5pm Erzo ze nad Čabrom,2338m,4.1m/s,stratus
Ambroz,,1,121,,,,1999-06-25,Napoved 80km trikotnika a je bil sever premocan pihal je čez ze na ambrozu,1833m,4.8m/s,stratus
Priznica,,1,191,45,,,1999-06-26,Napoved Novga Mesta Prelet v cabar Super dan zgledal je za stotko a smo precej rinil v veter,2779m,5.1m/s,stratus
Ratitovc,,1,121,,,,1999-06-27,Liga dirka na Ratitovcu super organizacija Krokarjev nekaj zahodnika a lepa dirkica. Bil sem sproscen in zato sem dobr letu. Bil sem 4.,2127m,5.5m/s,stratus
Zabocevo,,1,61,,,,1999-06-29,Start na Zabočevem. Bostjan je odletu na primoza. Sam sem letu na podpeč in nazaj ter pristal na rakitni.,1900m,4m/s,stratus
Zavrh,,1,45,,,,1999-07-01,Erzo taras in jaz smo letel z zavrha. Prvi sem startal jaz in pobral desnio nad start. Odleteli smo na vrhniko. Kasneje je lčetel se Uroš.,900m,2m/s,stratus
VildKogel,,1,120,70,,,1999-07-03,"Svetovno prvenstvo trening.Z Repovzem sva letela 70km z povratkom v dveh urah povprecje 35km/h. Najbolši pogoji v katerih sem kdaj letel. Sli smo pocivat, ker bomo kao cel teden leteli stotke. ",3238m,"7,5m/s",stratus
VildKogel,,1,338,85,,,1999-07-04,Prva dirka za sp morala bi biti prekinjana nevihtna oblaka bezanje na tla.,3650m,"6,9m/s",stratus
VildKogel,,1,54,,,,1999-07-13,Poizkus dirke po tednu dni dezja dirka je bila prekinjena zaradi nevihte.,2100m,3.6m/s,stratus
VildKogel,,1,28,,,,1999-07-16,,2233m,3.2m/s,stratus
Hollersbach,,1,15,,,,1999-07-17,Let v dolino derke ni ,1000m,,stratus
VildKogel,,1,28,,,,1999-07-18,Zadnja dirka ki je bila prekinjena naslednjui dan smo sli domov.,,,stratus
Zabocevo,,1,124,,,,1999-07-19,Zabocev trikotnik mocan vshodnik ki nas je nazadnje vseeno spihal na tla.,1750m,4.7m/s,stratus
Ambroz Smucvisce,,1,106,,,,1999-07-20,Trikotnik ojstrica pristal sem v Kamniski bistrici,2047m,4.4m/s,stratus
Ambrož,,1,23,,,,1999-07-27,,,3m/s,stratus
Ambrož,,1,48,,,,1999-07-27,,,2.6m/s,stratus
Zavrh,,1,22,,,,1999-07-30,,,0.9m/s,stratus
Abrož,,1,53,,,,1999-07-31,,,3.4m/s,stratus
Zabočevo,,1,13,,,,1999-08-01,,,1.4m/s,stratus
Zabočevo,,1,7,,,,1999-08-01,,,1m/s,stratus
Prižnica,,1,135,,,,1999-08-02,,1925m,5.7m/s,stratus
Prižnica,,1,38,,,,1999-08-03,,1181m,2.4m/s,stratus
Ambrož,,1,104,,,,1999-08-04,,1705m,3.8m/s,stratus
Zavrh,,1,7,,,,1999-08-08,,1019m,0.6m/s,stratus
Zavrh,,1,90,,,,1999-08-11,Super jadranje,1562m,4.8m/s,stratus
Zavrh,,1,78,,,,1999-08-13,,946,2.4m/s,stratus
Ambrož,,1,137,30,,,1999-08-14,Super Letenje pihal je zahodnik. Sam sem letel po kalskem grebenu do Kmetije bilo je nekoliko neugodno zato sem se vrnil potem sem preckal na Potosko. Bilo je kar zajebano zaradi prevcejsnje jakosti vetra. Ko sem jo pobral pa sta zamano prisla Jurij in Jocif. Drugi niso sli. Leteli smo do krizke in naza. nazaj se nam je vse pokrilo tako da smo preckali mozjanco nizko. Tu je spet posijalo sonce in z Jurijem sva pobrala dvesto metrov. Priletela sva skoraj do cerkelj.,2008m,4.4m/s,stratus
Zavrh,,1,84,,,,1999-08-22,"Z jernejom smo se peljal na staret se Nina in Uros ZA nami pa so prišli se Joze Juri Tereza, Luka Dusan Bostjan kasneje se Marjeta in Herman. Super letenje nekoliko mocan veter. Mislil sem ze odletet na primorsk a se mi je zdelo da bo tam premočno lepe baze 1800. Bil sem v bazi. Kasne je smo pristajali na startu potem pa se enkrat.",1829m,3.7m/s,stratus
Zavrh,,1,57,,,,1999-08-22,Tereza ze drugic nehote pristajala na startu.,,3m/s,stratus
Priznica,,1,148,30,,,1999-08-23,"Startal smo ob pol dveh Jaz Miha Grega  skupaj smo pobrali do baze in mal notr. Bilo je super ko sem se vozil po robu oblaka. Ko sem pogledal nazaj sem videl glorijo in svojo senco. Nazalost sem imel poslikan film. Od tu sva z Mihatom odletela na zavrh pod druge baze ki pa so nama razpadle. Vrnila sva se vsak po svoje Miha je sel proti planinci pa cez Zabocevo, sam pa sem sel proti Vinjemu vrhu. Iz nekje sredine pa sem se zapeljal cez v krimcek. Tu sva  z Bostjanom zvrtila 6mski stbr. Grega je ze prej odletel in pristal med cerknico in rakekom. Z bostjanom sva se zapeljala do vinjega a je kazalo zelo slabo nato pa je bostjan napravil super potezo. Odpeljal se je kar cez plafon na drugi strani pa stbr. Kar je logicno tu piha cez in prozi stbr na drugi strani kjer je biulo sonce in veika ravnina. Delalo je z druge strani tu sva pobrala fdo baze z 900m 100m nad podnom. Miha nama je sledil in ravnotako pobral. Na unc sem prisel nekoliko za Bodstjanom in ujel sonce pobral na 1600 se odpeljal do Ravbar komande pobral na 1800 do baze nato pa sem se odlocil za smer col. Proti pivki ni bilo baz proti razdrtem tudi ne. Pod bazami sem sicer dobil neko dviganje a jih je filalo iz strmce. Tu sem mogoce napravil napako saj sem se peljal naravnost proti razdrtem namesto da bi letel proti prvim grebenom. Pristal sem na mitnici Razdrto. ",1909m,6m/s,stratus
Kovk,,1,20,,,,1999-08-24,Z erzotom in Gregatom smo sli na kovk bolj na izlet bilo je namrec vse pokrito in pri avtih in na startu je pihalo celo nekoliko dol. Najprej je sel Dane a je kazalo da je ze scuru ko se je spet poksazal v visini starta. Za njim sem startal jaz in takoj pobral na 1395. Nato sem se sel mal pelat in ko sem se vrnil nisem okoli starta dobil nobenega dviganja zato sem pristal in spravil v luft Erzota ki je precej prekljinjal saj ni mogel startat. Kasneje sta prisla na start Damjan in Ajo a je veter ze tako pihal dol da jeajo dvigoval padalo proti grebenu. Grega je se zmeraj jadral.,1395,3m/s,stratus
Zabocevo,,1,48,,,,1999-08-25,"Drugi so ze prej jadrali sam pa sem prisel kasneje da malo pojadram nato sem se sel ucit. Jadrl sem pobazah, pristal na rakitni in sel pes do avta.",1670m,4m/s,stratus
Priznica,,1,80,,,,1999-08-26,Ko je Erzo podrl start in zaklel sem jaz startal. Naj prej je bilo vredu zdelo se je pac da je precej vetra in manj termike. Pred nami je prisel na start Grega in ze odletel. KO smo bili vsi v zraku smo lokalno jadral saj visine nismo mogli nabrat bilo pa je precej razbutan. Sam sem imel kar precejsne tezave.,1160m,3m/s,stratus
Grmada,,1,9,,,,1999-08-29,Sli smo pes na grmado z namenom da odletimo. Erzo Grega Rajko jaz Milena in ,,,stratus
Zavrh,,1,10,,,,1999-08-31,Zavrh ni a je bostjan reku da zabocevo ne bo. Kasneje ko smo pocurl smo sli vsi v zabocevo.,,,stratus
Zabocevo,,1,82,,,,1999-08-31,Tako j ko sem pristal sta prisibala Jurij in Tereza in sta me pobrala. Sli smo na zabocevo in sel sem prvi v zrak. Takoj ko sem nekoliko pobral je postalo precej razbutanao . Nikakor nisem mogel cez visino 1200 tu pa je bilo precej neugodno. Startala je tereza in sla z grebenon v dolino potem se Bostjan. V tem trenutku sem dobil lep stbr levo od starta ki pa je sel do baze na 1900. sedaj je startal se grega in se nekako zadrzeval v zraku. Čerček je za njim cakal na veter in v koncni fazi samo scuru. Grtega in jaz sva se se vozila po celi dolini nakar sem jaz pristal na Zavrhu in peljal gregatu avto.  Jurij in Tereza sta testirala padal in kaze kot da gre pri polni brzini 25kmh ni cudno da jo spiha.,1900m,4m/s,stratus
Javorniki,,1,62,,,,1999-09-06,Nov start z Erzotom sva startala na javornikih nad crnium vrhom. Prvi sem sartal jaz in skoraj scuru  v dolino. Veter je kasneje nekoliko pojacal zacela pa sva tudi vrtit termiko ki naju je pripeljala do baze 1600m. Letela sva po celi dolini do cola. In nazadnje scurla. ,1577m,4m/s,stratus
Skirca,,1,0,,,,1999-09-08,Po sihtu sva sla z erzoptom na skrco a ni pihalo zadfost da bi jadrala jaz sem skocu enkrat erzo pa dvakrat,,,stratus
Zabocevo,,1,50,,,,1999-09-09,Uros Erzo in jaz smo sli na zabocevo ker sem jih jaz shecal in odločitev je bila prava saj smo fino jadrali kasneje je prisel se jernej,1350m,3.5m/s,stratus
Sv.LovrencP.G.,,1,80,,,,1999-09-11,"V polhovem Gradcu smo se dobili jaz Grega in Juri ter odšli na lovrenc z sedla smo sli pes do starta kar po grebenu. Na začetku je bilo jadranje na veter in je bilo precej bz potem pa so se začeli prožiti stebri in poberalismo se lepo tudi zunaj. Bil je kar mocan v3eter severo vzhodne smeri. Poberali smo se neverjetno nizko. Lahko bi odleteli proti vrhniki, a se za to nismo odločili. Kasneje nas je Rajko pogostil pogovarjali smo se glede plezanja in letenja z zmajem. Odločili smo se da poizkusimo z zmajem in da ga skupaj kupimo od rajkota. Zjurijem sva dobr motala stbre in sva se vozila zelo blizu skupaj bilo je res uzivansko jadranje.",1200m,4.5m/s,stratus
Zavrh,,1,91,,,,1999-09-12,Dobili smo se pri lovcih in odsli na zavrh ker naj bi Jurij peljal Galjo z tandemom izkazalo se je da je bil zavrh prava odločitev. Prvi je startal Ezo takoj za njim pa jaz. On je odletel na dol jaz pa desno in sem komaj vzdrzeval visino. Tudi Erzo bi skoraj scuru. Potem sem se zapeljal v trebevnik in zvrtil na 1100 ta čas se je tudi Erzo že zmazal iz težav. Sedaj sem nabral na 1370 in se odpeljal na planinco. Hotel sem pobrat planinco in odletet v zabočevo. A na planinci nisem dobil nobenega dviganja saj termika ni bila dovolj močna. Reševal sem se čisto nizko in dobil stber čisto nad hišami. na začetku je bil zelo razbit a močan potem pa se je ustalil namotal sem navpično gor do erzota ki se je spet vračal iz dola bil pa je na 1480m.  Ta čas so prišli še rakitčani Boštjan je scuru na prižnci. Jurij in Galja sta že nekaj časa jadralapotem pa smo se jaz erzo in tandem odpeljali na staro vrhniko. Drugi so se lepo peljali jaz pa sem bil na javorču 710m in ne bi prišel če nebi na trojici dobil stbra in pobral še 100m. Od tu sem odletel čez staro vrhniko napravil asimetrijo letel čez našo hišo in pristal na uradnem pristanku Stara vrhnika poleg Jurija in Erzota. Jurij je bil prvi ki je priletel na Staro vrhniko z tandemom. Na 1400 je bila inverzija.,1370m,4.1m/s,stratus
Ulovka,,3,10,,,,1999-09-17,Agring pika tekma za litr snopca. V prvo sem trofnu piko na to dva metra in v tretje piko z ritjo.,,,stratus
Ulovka,,1,10,,,,1999-09-18,lez v dolino z Erzotom sva bila v visini kurena al nisva mogla letet domov pristala sva pri skupnk.,,,stratus
Lijak,,2,40,,,,1999-09-19,z gregatom sva sla na lijak kjer sta se pridruzila se tina in peter bilo je zelo plohnsato. Veliko je pokrivalo in prvič smo samo skočili kasneje se je začela kazari neka jasnina tako da smo sli se enkrat na start. Sedaj smo zajadrali. Zanimivo da smo pristali le minuto pred pravim nalivom. ,,,stratus
Kovk,,1,35,,,,1999-09-22,Po terenu sva z Etzotom sla na kovk pihalo je kar precej a baze so bile bozanske nekoliko nizke a zelo pogoste. Nabrala sva do baze nekoliko zunaj. In ker sva videla planino in domaco vrhniko sva kar porinla v javornike kjer pa ni bilo baz oz so razpadle pihalo je zelo mocno tako da sva bila namestu in nekoliko rikverc. pristala sva na polju pod javorniki.,,,stratus
Kovk,,1,69,,,,1999-09-24,Z erzotom sva letela trikotnik ki se nama ni ravno posrecil baza je bila na 1400 in tako visoko sva tudi sla na col vnila sva se zelo nizko rezo je odletel na vipavo jaz pa sem sel na to da poberem pod kovkom oba sva scurla. Je pa bila moznost da bi se iz cola takoj odpeljala na nanos kar bi nama mogoče uspelo potem bi tudi napravila trikotnik.,1400m,,stratus
Buzet,,1,120,,,,1999-09-25,Miha Grega in jaz smo sli na buzet in se dobro odlocili saj smo kar dobro jadrali kar drugje najbrz ne bi. Nevi je se povecal start,1299m,3m/s,stratus
Kovk,,1,59,,,,1999-09-29,Jurij in Bostjan so sli na Priznico jaz in Erzo pa na kovk jer sva takoj pobrala do baze 1800 potem pa se kar mal not. Do crnega vrha sva imela super baze potem pa jih je zmankal erzo je porinu naprej jaz pa sem cakal da bi cim več pobral nazadnje je se to razpadlo. tudi sam sem se odpeljal proti hotedrsci in na mestu kjer je prej erzo poberal nekaj zgolfal. od tu sem se peljal proti kalcam in vmes nekaj pobral tako da sem se odpeljal čez do logaskega kamnoloma od tu pa sem vrttil nulco do konec logaskega polja.,1900m,4m/s,stratus
Kovk,,1,45,,,,1999-09-29,Se mal na veter pojadrat.,1020m,2.6m/s,stratus
Zabocevo,,1,87,,,,1999-10-01,,1270m,4.4m/s,stratus
Ilirska bistrica,,1,30,,,,1999-10-02,Po startu zviz na 1600 in zviz z vetro proti javornikom. Veliko prepesacil in odstopal v bistrico kjer se je grega posteno aletel.,1618m,4.1m/s,stratus
Zavrh,,1,10,,,,1999-10-06,,771m,1.4m/s,stratus
Zabocevo,,1,79,,,,1999-10-07,Po faxu takoj na Zabocevo kjer je ravno sartal Jurij. Supr pogoji zelo je zeblo izgubil sem rokavico a smo bili najbr zadnjic v letu 99 na cez 2000m erzo je odleztel na staro vrhniko jaz sem sel na rakitno ker sem mislil da bom umru od mraza juri pa je namotal na 2400 in tudi pristal na rakitni.,2110m,5.4m/s,stratus
Priznica,,1,10,,,,1999-10-08,Inverzija,1264m,3.3m/s,stratus
Ilirska bistrica,,1,57,,,,1999-10-09,S tarasom sva sla na st vrh kjer so ze leteli grega in jeri in drugi fino letenje ,1412m,3.8m/s,stratus
Ilirska bistrica,,1,36,,,,1999-10-09,po pristanku na startu,1332m,4.2m/s,stratus
Kovk,,1,62,,,,1999-10-10,,995m,3.5m/s,stratus
Slivnca,,1,69,,,,1999-10-12,Super letenje na Slivnici Erzo Juri Tereza jaz termika.,1559m,3.8m/s,stratus
Zabočevo,,1,28,,,,1999-10-15,Scuru,858dni,2.9m/s,stratus
Lovrenc,,1,131,,,,1999-10-16,Z gregitom super letenje najprej do 1000m 1400 na Koreno in nazaj.,1400m,5m/s,stratus
Zavrh,,1,112,,,,1999-10-17,Super letenje na zavrhu najprej sva z Erzotom dobr zmotala pol pa sva ze vozila pod oblaki kasneje nas je spustil veter pa je pojacal tako da bi kmalu visu na drevesu kasneje sem komaj dobil en stbr sa sem ga zmotal tako kot erzo grega in joze cez javorc na d staro vrhniko sem bil na 800m potem pa sem odletel skoraj do ligojne in nazaj na poidcelu sem imel se super dviganja. ,1503m,4.5m/s,stratus
Crni Kal,,1,88,,,,1999-10-24,Precej mocan veter a zaradi mocne termike vzdrznmo in zanimivo jadranje.,910m,5.1m/s,stratus
Zbevnica,,3,15,,,,1999-10-30,Para safari metali smo se z hriba enkratsemsel se pes na zbevnico.,,,stratus
Buzet,,1,10,,,,1999-10-30,Pet minut jadranja in let v dolino sam sem letel xxxa. ,,,xxx
Buzet,,1,10,,,,1999-10-31,petminutno jadranje in pristanek na hribu nazalost sem moral domov svece zažigat medtem ko so ostali naslednji dan lepo leteli.,,,stratus
Zavrh,,1,60,,,,1999-11-08,Super jadranje sicer brez kaksnih višin. Na koncu sva z erzotom jadrala še na Javorču od kodre sva odletela čez bajer do tarasa. Lahkobi odletela domov.,,,stratus
Zavrh,,2,15,,,,1999-11-12,Ničvetra. Treniranje podnšpirale.,,,stratus
Javorniki,,3,45,,,,1999-11-13,Mickan presvoh kasneje se je naredilo. Jernej inerzo sta dobr pobrala.,,,stratus
Kovk,,2,105,10.2166666666667,,,1999-11-13,Vino jadranje nekajtermike Jurij je tandemiral kasnjese prisla se Jernejin Erzo kinista sla do konca v kot kot mi. Aleš probavalpadal. ,,,stratus
Lijak,,1,58,,,,1999-11-20,Bostjan je napovedal super dan da gremo na 2000. Ko smo prisli na start je Aleš ravno štartal. Hitro sem štartal in dobil tako dviganje da sem kar vriskal. Višje sta bila Aleš In Raul. Sam sem odletel na sveto goro in nazaj a sem komaj preletel škabrijel.,,5m/s,stratus
Lijak,,1,90,,,,1999-11-25,"Danes sva z Razingerjem letela na lijaku. Bili so naravnost super pogoji. Pihala je rahla burica + termika v zraku je bilo cist mirno razen termike - ni bilo turbolentno. Dosegali smo višine do 1550m. Letela pa sva v pasu kucl(čavn) - škabrijel. Na koncu sva namotala na rampi na 1500m in se zmenila da dirkava na hanger pred lijakom in v start pobrat.Kar me je presenetlo je bilo to da me je Razo na spidu suvereno dol poču. Ko sva startala sva bila do metra na isti višini in v razmaku nekaj metrov(vzporedno). Jaz nisem od rampe do hangerja niti za trenutek spustil polnega gasa. Miha je baje minimalno spustil trime in minimalno pohodil gas(tastar sektor). Njegov komentar je bil kasneje sem bil prepričan da se ti je strgal gas.(brez heca) Nekako podobno me je zadnjič Juri vendar sem si mislil on ga je pač pohodil preko mere. Poleg tega sem opazil še nekaj drugega pri teh timih nisem imel prigasu nobenega resnega zapiranja zelo rad pa dela ušeska in tudi v pogojih kot so bili danes. Opazoval sem zakaj.Tretja vrvica A(zunanja) je čisto brez pritiska stabila je pri polnem gasu čisto losana. Pritisk v kupoli na ušesih je ravno tako zelo majhen, tako majhen da se hočejo narediti ušesa (blago na celicah na prednjem robu se kar usloči to samo na ušeskih kot da bi bilo premalo zraka - pritiska)  Za povrhu pa sem danes opazil večjo tendenco zgoraj opisanega na levem ušesku(do sedaj nisem opazil) preveril sem kako tiščim gas in ugotovil da ga simetrično na obeh gurtnah do konca. Kar štima.  Sedaj moram preveriti simetičnost dolžin vrvic upam da se niso kaj deformirale.(Razotove vrvice so tudi že bol preživele) Kake nesimetričnosti pri trim speedu nisem opazil. (letos imam na strausu točno 128ur, kar je malo)Za hitrost bom probal še z balastom na karabinih, drugače pa bi mogče raje dal gor stare gurtne. Ali bi bilo možno da, če si gurtne že poslal nazaj, da bi ko bo Jurij vračal padal prešrafali gurtne??  ",,3.8m/s,stratus
Lijak,,1,60,,,,1999-11-26,Z Erzotom sva imela kar uredu pogoje.,,3m/s,stratus
Lijak,,1,150,,,,1999-11-27,Cela klapa je letela na lijaku z jurijem sva odletela na nanos in nazaj do anje priklopili smo kovk samo da jaz nisem več pobral.,,4m/s,stratus
Lijak,,1,30,,,,1999-11-28,Lijak malo bol kritičen zmajarji so vsi prileteli na lijak. Napravil napako.,,2m/s,stratus
Kovk,,1,60,,,,1999-12-21,Z erzotom prišli so še Domn in Križnar Lajovc super letenje motov sm z enim orlom ,,,stratus
Zavrh,,1,10,,,,1999-12-22,Jaz Uroš in Erzo smo skočil z erzotom sva dobla mal stbrčka,,,stratus
Lijak,,1,65,5.5,,,1999-12-23,Super jadranje letel sem z up sedežom  ,,3m,stratus
Lijak,,1,115,,,,1999-12-30,Erzu Juri Dominik sli smo na dva 2150 na čavn,2190m,5m/s,stratus
Lijak,,1,80,,,,1999-12-31,Sam sem sel na lijak kjer je celo pihalo malo dol. A takoj ko sem startal sem ga namotal naravnost na 1650m potem pa na seveto goro . Do škabrijela je dobr pelal in nisem izgubil dosti potem pa kar precej do cerkve. Z svete gore sem letel na sabotina kjer sem z 800 spet pobral na 1300m in nazaj sedaj je pod lijakom ze tako tumbalo da sem sel v dolino.,1650m,5.6m/s,stratus
Lijak,,1,95,,,,2000-01-01,Vsi smo leteli na Lijaku Nina Jery Juri Tereza Uroš Erzo Boštjan Simon Grega Alenka Startal sem prvi a je bilo zelo mejno ravno da nisem scuru nekajkrat. Potem sem odletel na Danijela in pobral čez greben. Kasneje se mi pridruži erzo. Jaz sem šel na lijak ko pa sem se vrnil sva z Erzotom odletela še na škabrijela.  ,700m,3.2m/s,stratus
Lijak,,1,88,25.7,11,1,2000-01-08,"Prva Zimska liga 99/2000. Organizasao Jernej in Nina. Od kar nekaj obiskovalcev lijaka jih je tekmovalo samo 11. Glavni favoriti smo bili Lotrič, Erzo in Jaz. Tudi leteli smo tako. Bili smo daleč pred vsemi. Največja fora ki sem jo hotel izvest a mi ni v popolnosti uspela. Na Danijelu sta bila Lotrič in Erzo zelo nizka in če nebi pobrala bi jih sploh nabil. Jaz sem namreč pobral na lijaku in letel direktivca na kromberk. Tu smo prišli skupaj le da stase ona dva odpeljala nazaj v greben jaz pa direktivca na križišče in v cilj. Ko sem bil nad uradnim pristankom sem že videl da sem zmagal in da bom lepo preletel cilj. Kljub temu da sem zmagal sem napravilkar nekaj napak. Prvomoram bolj idealnoodletet obratne točk. Pilon sem šel absolutno prehitrven in sem izgubil velikovišine in kasneje časa ker sem se zunaj vozil in čakal na pilon. Ko sva se z erzotom pobrala nekoliko čez greben lijaka sem jez kar porinu naprej čeprav sem vedel da bo kriza tu sem spet izgubil kar nekakaj časa saj se je erzo lepo zapeljal čez mene. Marijo sem spetobrnil neprecizno. Proti rampi si moral jiti vsaj po višini grebena nazaj pa si lahko kar nisko priklopu saj si letel z vetro in si že dobival stbre. Na marijo lahko nižje porinu. Moja prva zmaga a lepa z lepo samostojno odločitvijo.",,4.5m/s,stratus
Lijak,,1,48,,,,2000-01-15,Inverzija tako da smo jadral v višini grebena na danijelu ni bilo preveč prepričljivo.,,2.3m/s,stratus
Zavrh,,1,63,,,,2000-01-16,Miha Grega in Mateja so sli na lijak Jurij Erzo jaz Jože simon Tereza in Natalija pa na zavrh prav začudujoče bilo je odlično super dviganja bilo je sicer nekoliko razrukan odletel sem na staro vrhniko. Termika pa povsod sneg neverjetno.,995m,5.1m/s,stratus
Lijak,,1,30,,,,2000-01-25,Z anžurjem sva letela na lijaku bilo je zelo mraz. Startal sem prvi in z 5.7 dviganja navrtil na 1300m. Potem pa jetako zahladilo da nisem več zdržal bilo je zelo razrukan v normalnem letu sem imel 6m spuščanja pristajal sem ob cesti kjer puščamo avtomobile.,1300m,5.7m/s,stratus
Lijak,,1,105,,,,2000-01-26,Spet expedicija napad na kurirčka samo da nas je zjebala inverzija. Bilo je se kar razrukan in pihal je kar dobro vzhodnik. Takoj po štartu nisem dobil nobenega dviganja tako da se je zazdelo da je kriza potem pa sem namotal desno od štarta dokončno pa sem popravil na tarasovem robu. odletel sem proti rampi pihl je vzhodnik a ne čez. Na rampi nisem mogel pobrat nakar priletita erzo in anžur. Sam sem odletel na marijo kjer sem dobil še en stbr od tu pa direkt v čaven. Erzo ki je bilše nižji je scuru sam pa sem dobil pod skalami neko dviganje in sem se skobacal nazaj na 850. Višje nisem mogel tako da sem potem odletel do Ajdovščine.,909m,3.2m/s,stratus
Kovk,,2,34,,,,2000-01-28,Reševanje ponesrečenca.,,2.7m/s,stratus
Vremščica,,2,15,,,,2000-01-30,Tandemiranje prvič v življej.,,,stratus
Ženček,,1,0,,,,2000-02-01,,,,stratus
Lijak,,1,60,,,,2000-02-03,Lijak lokalno jadranje do kucla.Repovž pa spet skozi oblak na 3300m.,1100m,,stratus
Zavrh,,1,9,,,,2000-02-04,Skok v dolino cac 1800 na lijaku.,,,stratus
Lijak,,1,120,32,,,2000-02-05,Letos prvič kurirčka brez vetra zelo plazilsko. ,,,stratus
kovk,,1,20,,,,2000-02-06,Inverzija je postala gnojnica. Skok v dolino.,,,stratus
Strmca,,1,51,,,,2000-02-06,Prelet na Planino.,,,stratus
Amrožar,,1,90,,,,2000-02-10,Ambrož višina zvoha. ,,,stratus
Lijak,,1,109,,,,2000-02-12,Lijak super se je nardil z malo sonca smo letel na sveto goro nekateri še na sabotin in nazaj. ,,,stratus
Razpadalica,,1,120,30,,,2000-02-13,Zimska liga dost poučno.,,,stratus
Lukovc,,2,45,,,,2000-02-20,Obtekajoč veter nič za naučit. Enkrat namota Jurij potem pa še jaz  tu pa tam kak balon.,,4.1m/s,stratus
Ambroz,,1,122,,,,2000-02-23,Abrož zgledalo je super potem pa vsa stvar ni bila tako preprosta ker sva  z Razingerjem startala na srednji poseki pod inverzijo tako da sem se celo uro in pol matrov pobrat skoz inverzijo na njo pa so bile baze višje kot 2500 do njih nisem mogel tudi potem ko sem že bil nad iverzijo odletel sem do roba Zvoha vendar naprej zaradi malo višine mraza nisem šel.,1850m,4.1m/s,stratus
Samotorca,,1,16,,,,2000-02-24,Kratko jadranje je pa bilo to prvič da sem tu jadral z Gregitom sva prov fino zvrtela en stbr.,,,stratus
Lijak,,1,10,,,,2000-02-26,Peš na lijak in skok v dolino.,,,stratus
Lijak,,1,75,,,,2000-02-27,Super dirka Lijak Tabla Nanos Lijak. Super letenje na 2000m vshodni vetr na Vipavi nas odplakne z grebena potem pa vsi poberajo kjer hočejo. Na vipavi sem naredu napako mogu bi se odpelat ven in bi mogoče pobral. Neredu sem še napako da sem se vedno peljal bol zunaj kjer se zrak ze bolj spušča namesto odzadaj na grebenu kjer se se ne. Zmagal Matre Novak.,,6.3m/s,stratus
Lijak,,1,200,50,,,2000-02-28,"Z Erzotom sva Napovedala Zabiče. Sam sem bil že prej skeptičen da pa bi letela proti vrhniki pa sploh nisem verjel. Prej sem imel v mislih Tolmin. Ko sem startal sem takoj lepo pobral in čakal Erzota in Uroša ki sta se pobirala na štartu. Erzo bi skoraj scuru. Ta čas sem zvrtel na 1480 in je bilo tako razrukan da me je bilo kar strah. Bil sem v višini inverzije. Ta se je kasneje očitno dvignila  saj smo že na Čavnu namotal na 1800 ven pa sva se z Erzotom odpeljala na 1500. Zunaj ni bilo videt baz je pa res da se tudi ni videlo kaj daleč saj je bilo zelo zamazan. Na začetku je bilo videt zelo kriza. Na Šmartnem sva se poberala z 600 700 metrov nazaj na 1900. Situacija za naprej je bila zelo slaba. Proti zabičam ni šans vetr. Tu sem imel v glavi še idejo povratek antena in nazaj na Lijak. Tu pa je veter zelo pojačal in zdelo se je že kriza zrin nazaj na Vipavo. Moral sem letet z gasom saj sicer ni šlo nikamor. Tu sem že dobil idejo da grem na vipavo in proti vrhniki sa sem videl super baze po dolini proti colu. Nakar to potrdi se jedrilica nad colom. Ezotu sem to v tem trenutku tudi rekel a se na moj poziv ni odzval. Njegove besede:""Letel je kot Gluha svinja."" Na vipavi poberem na 1900 in me nekoliko zanese odzad. Nekaj puhkov je bilo proti strmci vendar se tja nisem upal saj prevoza ne bi imel. Tu sem se moral odločit ali letim nazaj na razdrto in z erzotom domov ali pa grem in kekako naštopam. Odletel sem proti colu kjer sem bil še na 1500m. Nad javorniki pa sem pobral iz 1300 na 1600 več pa nisem mogel saj so mi baze že razpadale poleg tega je bil tu še zelo močan zahodnik. Na hotedrsci se znajdem v zelo znanem položaju na podobni višini z podobnimi razmerami. Na Ravniku uspem nekaj zgolfat in se odpeljem v smeri Vrhnike na desni pa gleam Logatec. Sem zelo nizko. Če nad Log Žibršmi v bližini vojašnice ne bi še enkrat pobral bi spet pristal  na koncu log. polj.  Ko sem dobil dviganje in sem naredil nekaj zavojev sem že videl da sem na Vrhniki. Ze nekaj casa nisem občutil tega občutka. Na zadnje sem na veter pobiral na Javorču na zelo zanimivi strani in ker višje ni šlo termike ni bilo sem se  odpeljal proti Pakem čeprav sem vedel da je konec.   ",1950m,5.1m/s,stratus
Buzet,,1,166,39,,,2000-03-12,Zanimiva dirka zelo velike višine in veliko pokrivan tako da je bilo kar zajeban.,2173m,5.5m/s,stratus
Samotorca,,1,55,,,,2000-03-21,Prvič res zmotal na samotorci oz na Korenu na 1700 in odletel proti borovnici Prišel le do Trojice pa kev kev domov.,1750m,3.5m/s,stratus
Ambrož ZG,,1,218,61,,,2000-03-22,"Dolinšku:  Zakaj nisi šel za nami? Na dobrči sva se z Lotričem ločila. Sam sem šel zad proti Begunšici, Lotrič pa na Petra. ko sem se sam pobiral v Begunšici je bil on že v stolu. Samo da sva se oba kar nekaj časa pobirala. Jaz  v begunšici on pa na petru. Na stolu je bilo bomba 2100m slo je tako gor da si včasih kar nism upal obrnt.  Golica je bila svoh. Kepa pa tudi pod kepo sem se matral 45MINUT pa nism mogu pobrat da bi lahko odplaniral v Rateče. Tako da sem se potem iz obupa kar odpeljal z 1750m in scuru v Kranjski gori. Za Lotriča sicer ne vem ga potem nisem več videl. Mi je pa srečal Raul ko sem štopal v Martuljku in je rekel da je videl Lotriča kilometer pred Martulkom.  In da je še zlagal padal, tako da mi ni čist jasn kje je bil.",2100m,4.8m/s,stratus
Gozd,,1,41,,,,2000-04-02,Tandemiranje z Heleno sva jadrala na gozdu.,,3m/s,stratus
KorenoSever,,1,8,,,,2000-04-07,Sever pa skočmo namesto z samotorce kar z korena na sever.,,1m/s,stratus
Kovk,,1,180,43,60+,15,2000-04-08,Dirka Liga1  Kovk-Hubl-heronim-slap -podnanos vipava cilj,1625m,6.9m/s,stratus
Kovk,,1,218,50,60+,9,2000-04-09,Zelo zanimiva dirka močan vetr. Kovk-Hubl-heronim-hubl-podnanos-log-vipava. ,2196m,7.0m/s,stratus
Ambrož,,1,68,,,,2000-04-16,Pobral sem z zgornjega štarta in odletel proti zvohu od tu pa čez možjanco na potoško kjer je blo zelo dobr. 5+ proti julicem je bilo vse zaprto kasneje zelo močan vetr.,2000m,5.3m/s,stratus
Gozd,,1,98,30.6,,,2000-04-17,Prvič z novim padalom. Zelo dobro vreme. Super občutki. Z gozda  na Krvavc in nazaj.,2587m,7.8m/s,Stratus 2
Ambrož,,1,150,56.74,,,2000-04-20,Precej močan sever zelo nekonvecionalčno letenje. Letela sva z Anžurjem ki sem ga peljal kot otroka na izlet. Na koncu je on dosegel rateče jaz pa ne.,2950m,7m/s,Stratus 2
Golte Keber,,1,360,116.5,,,2000-04-21,Dvojni državni rekord. Leteli smo od Golt na Martulk za državni rekord na cilj potem sem nadaljeval plet do rateč kejr sem poizkusil prečkati Vršič a mi ni uspelo nato sem pobral na 2900 in letel ob mangartu v italijo v kuk cucco  115km,3177m,6.6m/s,Stratus 2
Kobala,,1,150,40,,,2000-04-22,Napoved trikotnika ustavl se mi je na zadnji stranici ko sem letel iz kluž na javorščka. Z gregatom sva prišla kampirat v tolmin za dva dni. On je odletel v italijo 62km.,2774m,6.3m/s,Stratus 2
Kobala,,1,195,60,,,2000-04-23,poizkus iztega trikotnika vreme je slabše svoh stbri zelo razrukani močan zahodnik in zelo majhne višine glede na prejšni dan. Zato se na kobaruškem stolu odločim da grem naprej v italijo in nazaj z povratkom. Zaradi zahodnika ne morem preskočit mt Majjoreta in se vrnem na kobalo kjer sem tudi pristal. Nenapovedan povratek 60km,2134m,6.1m/s,Stratus 2
Zabočevo,,1,150,35,,,2000-04-25,Z Erzotom sva startala zelo pozn a sva se kljub temu odpeljala proti dolenski meni je zmankalo 20km do novega mesta. Pristal sem v neki vasi kjer nisem vedel kje sem ne nič tako da je neka punca razložila erzotu kako naj me pride pobrat.,2250m,4.5m/s,Stratus 2
Abrož,,1,60,,,,2000-04-26,Z Maretom in Domnom smo misll it v Avstrijo pa so bile zelo nizke baze. Z maretom sva startala ze ob 11:00 in jadrala eno uro ter pristala nazaj pri ambrožarju.,,3m/s,Stratus 2
Ambrož,,1,90,,,,2000-04-27,Z gregatom sva napovedala trikotnik sam sem letel v ojstrico a ni bilko kakih posebnih višin.,1900m,4.6m/s,Stratus 2
Golte,,1,30,,,,2000-05-01,Dirka na Golteh je odpadla zaradi velike nevarnosti neviht. Nekateri smo mal letel.,,3.8m/s,Stratus 2
Zavrh,,1,30,,,,2000-05-02,Po peti uri smo šli na zavrh ker smo bli tečni cel dan je bilo zelo nevihtno.,,2m/s,Stratus 2
Ambroz,,1,90,,,,2000-05-05,Z grega tom sva sla na Krisko pa nazaj zelose je pokrival tako da sem jest pristal ko sem obrnu krisko v predvoru greag pa  v trsteniku.,,,Stratus 2
Gozd ,,1,120,,,,2000-05-06,Z jurijem sva testirala gas super sva letela na Ambroza in nazaj zelo velik razvoj oblakov odlično letenje.,,4m/s,Stratus 2
Zavrh,,1,60,,,,2000-05-07,Z erzotom pozno popoldne saj je prej padal dež bil je veter tako da sva se na veter odpeljala domov.,,,Stratus 2
Krizka,,1,180,80,80,(2-28),2000-05-14,Super dirka DisciplinaStart krizka Možjanca Marker hotel bor- valvazor - cilj. Bil sem skoz v vodilni skupini veliko časa celo sam. V cilj sem priletel drugi s tem da sem pristal 2m od cilja. Odlično sem letu.,2200m,5m/s,Stratus 2
Sorca,,1,240,92.1,,,2000-05-15,Jest Roman Razo Tomi Erzo Pavlič Smo letel z povratkom. Sorca Marija S Sorca. Roman in tomi Mali verh. Vreme precej turbolentno.,,,Stratus 2
Kobala,,1,197,68.8,80+,2,2000-05-21,dp,2125m,6m/s,Stratus 2
Kobala,,1,299,78.5,80+,7,2000-05-23,dp,2602m,5.7m/s,Stratus 2
Kobala,,1,340,83.5,80+,5,2000-05-24,dp,2069m,6.9m/s,Stratus 2
Kobala,,1,202,69,80+,9,2000-05-25,dp skupno drugi,1849m,5.6m/s,Stratus 2
Kobala,,1,293,78.1,80+,4,2000-05-26,dp skupno prvi,2005m,6.1m/s,Stratus 2
Kobala,,1,209,55.2,80+,30,2000-05-27,dp  skupno 2 open skupno tretji,1885m,6m/s,Stratus 2
Zavrh,,1,40,,,,2000-05-28,,,1m/s,Stratus 2
Ambrož,,2,40,,,,2000-06-03,Foto sesion,1700m,3m/s,Stratus 2
Sorca,,1,20,,,,2000-06-04,Bi šli u prelet pa smo preveč zmaztran,1700m,3m/s,Stratus 2
Kobala,,1,296,97.37,,,2000-06-10,Za tristo pik Kobala - Mali verh - kobala Polet sem nadaljeval proti sorci. Na sorci pa me je ujela ploha tako da sem moral pobegnt dol.,2486m,5m/s,Stratus 2
Ambroz,,1,120,,,,2000-06-17,Dirrka je bila skenslana,,,Stratus 2
Ambroz,,1,160,,,slab,2000-06-18,na tej dirki sem zajebal vse,,,Stratus 2
Sorca,,1,327,110,,,2000-06-19,"Z Razotom in Pavličem smo letel Sorca Italija Sorca, sorca lajnar mali vrh vremenarska postaja, sorca lajnar pristanek vas",2420m,6.3m/s,Stratus 2
Kobala,,1,320,50,,,2000-06-20,z ERZOTOM SVA LETELA TRIKOTNIK . Krn vas - marija snežna - Kluže -vas kern. Pihal je zahodni veter baze pa so bile zelo nizke. Max višina 1860m. Erzo je na Klužah scuru jest sem se pa rešu na svinaku odkoder sem se komej vrnil na rombon.,1860m,5.4m/s,Stratus 2
Zabočevo,,1,81,,,,2000-06-26,Super jadranje na zabočevem,2540m,5.5m/s,Stratus 2
Barje,,1,103,,,,2000-06-27,paramotor,2229n,5.8m/s,Stratus 2
Barje,,1,60,,,,2000-06-28,paramotor,,,Stratus 2
MurskaSobota,,1,60,,,,2000-06-29,paramotor,,,Stratus 2
Maribor,,1,60,,,,2000-06-30,paramotor,,,Stratus 2
Kriška,,1,149,,83,29,2000-07-01,Češko prvenstvo. Zjurijem prvi na markerju in najvišji.Zelo dobro letel. Na kriški se odločil da grem v hribe. Pobral kofce a zaradi zelo močnega zahodnika nisem uspel stišat begunšice.,2133m,6.2m,Stratus 2
Kriška,,1,127,43,83,5,2000-07-02,Vodli celotno dirko. Na dobrči pa je pobralo poleg prve še celi drugi in tretji skupini. Šele uro za nami so začeli spet nekateri letet v cilj.,1843m,5.8m/s,Stratus 2
Kriška,,1,207,49,83,4,2000-07-03,Zelo močan veter ful gas precej pomaga.,2200m,5.7m/s,Stratus 2
Kriška,,1,250,84,83,4,2000-07-06,Super dirka z jurijem sv sla na prvi marker od štirih in pristala 23min pred naslednjim med nama je bilo 4sekunde razlike. Kriska- jakob- Dovje- senično. ,2200m,6.8m/s,Stratus 2
Kriška,,1,60,44,83,4,2000-07-07,Zadnja dirka na Češkem Openu. Super sem letel klub slabosti. Skoraj bi zmagal saj sem imel na Ambrožu vsaj 15min prednosti.,,,Stratus 2
Hom,,1,5,,,,2000-07-15,Liga odpadla pa smo sli na hom nad Murkijovo vasjo.,,,Stratus 2
Lukini,,1,60,,,,2000-06-19,,,,Stratus 2
Priznica,,1,120,,,,2000-07-20,"Super jadranje prevrtal sem bazo. Ven sem se odpeljal na 2912m ko mi je začel zurljat po gurtnah. Potem me je zadel  čudovit pogled, oblakov in pokrajine pod menoj,. Tako sem se vozil nad oblaki in med oblaki  vsaj uro in pol. To je bila ena boljših dogodivščin letos. ",2900m,,Stratus 2
Kobala,,1,30,,,,2000-07-22,Scuru pod vodjem vrhom ker se je zaprlo. Nato sem šel od jonsona peš na mrzli vrh in dol. Odspodaj sem se še kopal pod slapom.,,,Stratus 2
Ambroz,,1,10,,,,2000-07-23,,,,Stratus 2
Wang,,1,60,,,,2000-08-01,,,,Stratus 2
Wang,,1,60,,,,2000-08-02,,,,Stratus 2
Wang,,1,60,,,,2000-08-03,,,,Stratus 2
Wang,,1,60,,,,2000-08-04,,,,Stratus 2
Wang,,1,60,,,,2000-08-05,,,,Stratus 2
Wang,,1,60,,,,2000-08-06,,,,Stratus 2
Wang,,1,240,80,,,2000-08-07,Leteli smo kvadrat dolžine 80km okoli najvišjih hribov v nemčiji. Do predzanje obratne sem bil v prvi skupini. Super letenje višina dneva 3800m.,3800m,7m/s,Stratus 2
Wang,,1,60,,,,2000-08-08,,,,Stratus 2
Sorca,,1,270,116,,,2000-08-15,Napoved trikotnika 125km. Ker je veter na startu sele 15 cez ena nehal pihat dol sem bil zelo pozen tako da mi je zamnkovalo časa. Iz italije sem odletel proti triglavu in na koncu trente komej pobral tako da sem se odpeljal do triglava in nato do Sorce. Zmankalo mi je 3km. ,3000m,5m/s,Stratus 2
Sorca,,1,300,144.8,,,2000-08-17,"Napoved povratka sorca Cuarnan in nazaj. Ponovitev drzavnega rekorda. Ponovil sem tudi rekord z obratno točko. Grega, Pavlič in jest smo se dobili ob 10ih v vasi. Jest sem potegnil prvi ob 11:30. Ob 12:00 sem bil na Tolminskem migovcu. Ob 12:30 sem bil na polovniku. Ob 14:00 sem slikal cuarnan. Ob 16:18 sem se vrnil na Lajnarja.",2200m,5m/s,Stratus 2
Sorca,,1,120,,,,2000-08-18,Z gregatom na sorci a sem se obrnil pred krnom in šel pristat na Sorco. Kasneje smo se kopal v bohinju spotoma pa sem odpeljal se en tandem.,2000m,,Stratus 2
Sorca,,1,120,44.5,,,2000-08-27,"Močan vzhodnik. Zelo raztunban. Nizka inverzija 1500m Max višina 1900m. Prskok na vodli vrh ker se odzadej ni dal, pa potem na planico prmočen vzhodnik za krn pa potem čez joške v kobariški stol kjer me je z majhne višine pobral do antene kjer pa sem zgubil živce in šel pristat. ",1900m,,Stratus 2
Sorca,,1,240,110,,,2000-08-30,"Močan zahodnik. Startal sem ob 11:00.Bil sem sam. Okoli črne prsti ni bilo težav. Imel pa sem težave na rodici in kasneje na prehodu na krn kjer sem se pobiral izpod sedlav rotorju saj je pihal zahodnik. Ob 13:19 sem obrnil mali verh. Vrnil pa sem se ob 12:47. Povprečna brzina 27,5km/h. ",2300m,"7,2m/s",Stratus 2
Zavrh,,1,60,,,,2000-09-01,,,,Stratus 2
